"n","correct_pct","top_two_pct","estimator"
1,0.262,0.496,"Sample mean"
2,0.184,0.399,"Sample mean"
3,0.195,0.4,"Sample mean"
4,0.167,0.368,"Sample mean"
5,0.168,0.372,"Sample mean"
6,0.169,0.37,"Sample mean"
7,0.174,0.383,"Sample mean"
8,0.177,0.401,"Sample mean"
9,0.191,0.415,"Sample mean"
10,0.196,0.428,"Sample mean"
11,0.204,0.427,"Sample mean"
12,0.223,0.445,"Sample mean"
13,0.223,0.446,"Sample mean"
14,0.242,0.464,"Sample mean"
15,0.237,0.469,"Sample mean"
16,0.243,0.489,"Sample mean"
17,0.245,0.49,"Sample mean"
18,0.258,0.497,"Sample mean"
19,0.265,0.512,"Sample mean"
20,0.258,0.506,"Sample mean"
21,0.267,0.503,"Sample mean"
22,0.271,0.511,"Sample mean"
23,0.273,0.52,"Sample mean"
24,0.259,0.515,"Sample mean"
25,0.275,0.52,"Sample mean"
26,0.277,0.528,"Sample mean"
27,0.29,0.538,"Sample mean"
28,0.275,0.531,"Sample mean"
29,0.281,0.539,"Sample mean"
30,0.298,0.552,"Sample mean"
31,0.297,0.541,"Sample mean"
32,0.308,0.547,"Sample mean"
33,0.312,0.56,"Sample mean"
34,0.316,0.557,"Sample mean"
35,0.318,0.556,"Sample mean"
36,0.313,0.553,"Sample mean"
37,0.325,0.551,"Sample mean"
38,0.325,0.544,"Sample mean"
39,0.329,0.546,"Sample mean"
40,0.33,0.55,"Sample mean"
41,0.333,0.546,"Sample mean"
42,0.333,0.554,"Sample mean"
43,0.337,0.562,"Sample mean"
44,0.334,0.559,"Sample mean"
45,0.34,0.564,"Sample mean"
46,0.333,0.573,"Sample mean"
47,0.339,0.577,"Sample mean"
48,0.339,0.578,"Sample mean"
49,0.343,0.561,"Sample mean"
50,0.344,0.572,"Sample mean"
51,0.343,0.573,"Sample mean"
52,0.352,0.578,"Sample mean"
53,0.346,0.569,"Sample mean"
54,0.347,0.57,"Sample mean"
55,0.346,0.568,"Sample mean"
56,0.353,0.575,"Sample mean"
57,0.347,0.578,"Sample mean"
58,0.354,0.575,"Sample mean"
59,0.358,0.574,"Sample mean"
60,0.363,0.581,"Sample mean"
61,0.373,0.594,"Sample mean"
62,0.37,0.593,"Sample mean"
63,0.365,0.581,"Sample mean"
64,0.369,0.581,"Sample mean"
65,0.374,0.586,"Sample mean"
66,0.371,0.586,"Sample mean"
67,0.377,0.592,"Sample mean"
68,0.375,0.6,"Sample mean"
69,0.382,0.604,"Sample mean"
70,0.382,0.601,"Sample mean"
71,0.383,0.593,"Sample mean"
72,0.388,0.596,"Sample mean"
73,0.377,0.595,"Sample mean"
74,0.383,0.6,"Sample mean"
75,0.388,0.601,"Sample mean"
76,0.389,0.6,"Sample mean"
77,0.396,0.601,"Sample mean"
78,0.396,0.607,"Sample mean"
79,0.394,0.608,"Sample mean"
80,0.398,0.607,"Sample mean"
81,0.401,0.607,"Sample mean"
82,0.397,0.603,"Sample mean"
83,0.393,0.61,"Sample mean"
84,0.393,0.611,"Sample mean"
85,0.396,0.61,"Sample mean"
86,0.392,0.608,"Sample mean"
87,0.397,0.605,"Sample mean"
88,0.407,0.612,"Sample mean"
89,0.403,0.611,"Sample mean"
90,0.415,0.622,"Sample mean"
91,0.405,0.621,"Sample mean"
92,0.412,0.627,"Sample mean"
93,0.405,0.625,"Sample mean"
94,0.405,0.617,"Sample mean"
95,0.409,0.616,"Sample mean"
96,0.402,0.618,"Sample mean"
97,0.407,0.619,"Sample mean"
98,0.398,0.617,"Sample mean"
99,0.395,0.613,"Sample mean"
100,0.395,0.614,"Sample mean"
101,0.401,0.612,"Sample mean"
102,0.408,0.61,"Sample mean"
103,0.411,0.612,"Sample mean"
104,0.416,0.617,"Sample mean"
105,0.405,0.615,"Sample mean"
106,0.412,0.619,"Sample mean"
107,0.413,0.622,"Sample mean"
108,0.412,0.631,"Sample mean"
109,0.422,0.634,"Sample mean"
110,0.421,0.635,"Sample mean"
111,0.412,0.625,"Sample mean"
112,0.412,0.629,"Sample mean"
113,0.418,0.635,"Sample mean"
114,0.414,0.631,"Sample mean"
115,0.42,0.632,"Sample mean"
116,0.422,0.637,"Sample mean"
117,0.412,0.63,"Sample mean"
118,0.429,0.648,"Sample mean"
119,0.428,0.64,"Sample mean"
120,0.421,0.636,"Sample mean"
121,0.43,0.644,"Sample mean"
122,0.434,0.642,"Sample mean"
123,0.428,0.641,"Sample mean"
124,0.425,0.633,"Sample mean"
125,0.421,0.629,"Sample mean"
126,0.43,0.64,"Sample mean"
127,0.439,0.649,"Sample mean"
128,0.441,0.65,"Sample mean"
129,0.437,0.658,"Sample mean"
130,0.437,0.654,"Sample mean"
131,0.435,0.651,"Sample mean"
132,0.437,0.654,"Sample mean"
133,0.443,0.656,"Sample mean"
134,0.451,0.653,"Sample mean"
135,0.442,0.649,"Sample mean"
136,0.449,0.663,"Sample mean"
137,0.451,0.664,"Sample mean"
138,0.454,0.662,"Sample mean"
139,0.454,0.663,"Sample mean"
140,0.45,0.655,"Sample mean"
141,0.46,0.66,"Sample mean"
142,0.462,0.665,"Sample mean"
143,0.463,0.664,"Sample mean"
144,0.46,0.667,"Sample mean"
145,0.461,0.675,"Sample mean"
146,0.461,0.669,"Sample mean"
147,0.47,0.676,"Sample mean"
148,0.462,0.672,"Sample mean"
149,0.469,0.677,"Sample mean"
150,0.464,0.677,"Sample mean"
151,0.473,0.684,"Sample mean"
152,0.467,0.677,"Sample mean"
153,0.467,0.676,"Sample mean"
154,0.471,0.673,"Sample mean"
155,0.469,0.675,"Sample mean"
156,0.468,0.674,"Sample mean"
157,0.461,0.671,"Sample mean"
158,0.463,0.671,"Sample mean"
159,0.462,0.676,"Sample mean"
160,0.463,0.676,"Sample mean"
161,0.465,0.664,"Sample mean"
162,0.461,0.663,"Sample mean"
163,0.469,0.667,"Sample mean"
164,0.462,0.666,"Sample mean"
165,0.467,0.671,"Sample mean"
166,0.459,0.663,"Sample mean"
167,0.448,0.658,"Sample mean"
168,0.459,0.666,"Sample mean"
169,0.466,0.671,"Sample mean"
170,0.46,0.668,"Sample mean"
171,0.455,0.668,"Sample mean"
172,0.464,0.673,"Sample mean"
173,0.469,0.675,"Sample mean"
174,0.471,0.676,"Sample mean"
175,0.475,0.676,"Sample mean"
176,0.479,0.679,"Sample mean"
177,0.478,0.683,"Sample mean"
178,0.48,0.683,"Sample mean"
179,0.489,0.678,"Sample mean"
180,0.491,0.68,"Sample mean"
181,0.488,0.684,"Sample mean"
182,0.492,0.687,"Sample mean"
183,0.487,0.68,"Sample mean"
184,0.495,0.691,"Sample mean"
185,0.486,0.685,"Sample mean"
186,0.491,0.689,"Sample mean"
187,0.492,0.688,"Sample mean"
188,0.487,0.687,"Sample mean"
189,0.492,0.69,"Sample mean"
190,0.496,0.697,"Sample mean"
191,0.487,0.689,"Sample mean"
192,0.488,0.688,"Sample mean"
193,0.495,0.694,"Sample mean"
194,0.489,0.689,"Sample mean"
195,0.497,0.694,"Sample mean"
196,0.493,0.693,"Sample mean"
197,0.5,0.696,"Sample mean"
198,0.501,0.702,"Sample mean"
199,0.506,0.706,"Sample mean"
200,0.506,0.704,"Sample mean"
201,0.506,0.706,"Sample mean"
202,0.502,0.701,"Sample mean"
203,0.503,0.7,"Sample mean"
204,0.496,0.698,"Sample mean"
205,0.495,0.693,"Sample mean"
206,0.493,0.693,"Sample mean"
207,0.495,0.696,"Sample mean"
208,0.499,0.697,"Sample mean"
209,0.49,0.695,"Sample mean"
210,0.502,0.697,"Sample mean"
211,0.496,0.694,"Sample mean"
212,0.505,0.704,"Sample mean"
213,0.509,0.695,"Sample mean"
214,0.509,0.704,"Sample mean"
215,0.511,0.7,"Sample mean"
216,0.503,0.704,"Sample mean"
217,0.508,0.705,"Sample mean"
218,0.508,0.7,"Sample mean"
219,0.502,0.705,"Sample mean"
220,0.501,0.703,"Sample mean"
221,0.501,0.704,"Sample mean"
222,0.504,0.709,"Sample mean"
223,0.502,0.706,"Sample mean"
224,0.506,0.711,"Sample mean"
225,0.513,0.718,"Sample mean"
226,0.508,0.716,"Sample mean"
227,0.513,0.719,"Sample mean"
228,0.509,0.712,"Sample mean"
229,0.508,0.715,"Sample mean"
230,0.516,0.718,"Sample mean"
231,0.516,0.716,"Sample mean"
232,0.517,0.724,"Sample mean"
233,0.517,0.726,"Sample mean"
234,0.508,0.719,"Sample mean"
235,0.512,0.72,"Sample mean"
236,0.517,0.721,"Sample mean"
237,0.523,0.725,"Sample mean"
238,0.519,0.72,"Sample mean"
239,0.524,0.724,"Sample mean"
240,0.524,0.723,"Sample mean"
241,0.525,0.728,"Sample mean"
242,0.521,0.724,"Sample mean"
243,0.528,0.724,"Sample mean"
244,0.521,0.721,"Sample mean"
245,0.524,0.724,"Sample mean"
246,0.516,0.715,"Sample mean"
247,0.517,0.711,"Sample mean"
248,0.524,0.722,"Sample mean"
249,0.527,0.722,"Sample mean"
250,0.532,0.721,"Sample mean"
251,0.529,0.721,"Sample mean"
252,0.531,0.724,"Sample mean"
253,0.53,0.718,"Sample mean"
254,0.529,0.719,"Sample mean"
255,0.532,0.724,"Sample mean"
256,0.526,0.716,"Sample mean"
257,0.529,0.723,"Sample mean"
258,0.53,0.722,"Sample mean"
259,0.529,0.722,"Sample mean"
260,0.529,0.72,"Sample mean"
261,0.532,0.729,"Sample mean"
262,0.526,0.72,"Sample mean"
263,0.536,0.725,"Sample mean"
264,0.528,0.719,"Sample mean"
265,0.535,0.73,"Sample mean"
266,0.525,0.724,"Sample mean"
267,0.531,0.724,"Sample mean"
268,0.529,0.726,"Sample mean"
269,0.534,0.728,"Sample mean"
270,0.543,0.739,"Sample mean"
271,0.539,0.735,"Sample mean"
272,0.547,0.74,"Sample mean"
273,0.547,0.742,"Sample mean"
274,0.541,0.744,"Sample mean"
275,0.548,0.746,"Sample mean"
276,0.55,0.747,"Sample mean"
277,0.559,0.753,"Sample mean"
278,0.555,0.753,"Sample mean"
279,0.553,0.753,"Sample mean"
280,0.553,0.751,"Sample mean"
281,0.557,0.747,"Sample mean"
282,0.552,0.746,"Sample mean"
283,0.553,0.746,"Sample mean"
284,0.548,0.747,"Sample mean"
285,0.549,0.747,"Sample mean"
286,0.554,0.749,"Sample mean"
287,0.549,0.745,"Sample mean"
288,0.547,0.746,"Sample mean"
289,0.547,0.745,"Sample mean"
290,0.546,0.747,"Sample mean"
291,0.543,0.745,"Sample mean"
292,0.553,0.753,"Sample mean"
293,0.557,0.754,"Sample mean"
294,0.55,0.749,"Sample mean"
295,0.555,0.751,"Sample mean"
296,0.552,0.752,"Sample mean"
297,0.549,0.747,"Sample mean"
298,0.553,0.751,"Sample mean"
299,0.557,0.759,"Sample mean"
300,0.553,0.756,"Sample mean"
301,0.562,0.754,"Sample mean"
302,0.565,0.757,"Sample mean"
303,0.558,0.758,"Sample mean"
304,0.556,0.759,"Sample mean"
305,0.552,0.751,"Sample mean"
306,0.551,0.751,"Sample mean"
307,0.557,0.752,"Sample mean"
308,0.551,0.751,"Sample mean"
309,0.559,0.753,"Sample mean"
310,0.56,0.75,"Sample mean"
311,0.557,0.753,"Sample mean"
312,0.564,0.755,"Sample mean"
313,0.566,0.759,"Sample mean"
314,0.565,0.757,"Sample mean"
315,0.564,0.758,"Sample mean"
316,0.563,0.754,"Sample mean"
317,0.569,0.759,"Sample mean"
318,0.57,0.761,"Sample mean"
319,0.569,0.758,"Sample mean"
320,0.569,0.766,"Sample mean"
321,0.575,0.769,"Sample mean"
322,0.582,0.77,"Sample mean"
323,0.584,0.771,"Sample mean"
324,0.583,0.777,"Sample mean"
325,0.579,0.77,"Sample mean"
326,0.578,0.769,"Sample mean"
327,0.583,0.77,"Sample mean"
328,0.584,0.768,"Sample mean"
329,0.581,0.767,"Sample mean"
330,0.585,0.771,"Sample mean"
331,0.582,0.766,"Sample mean"
332,0.581,0.768,"Sample mean"
333,0.592,0.778,"Sample mean"
334,0.595,0.771,"Sample mean"
335,0.593,0.776,"Sample mean"
336,0.602,0.779,"Sample mean"
337,0.587,0.772,"Sample mean"
338,0.591,0.773,"Sample mean"
339,0.591,0.77,"Sample mean"
340,0.587,0.765,"Sample mean"
341,0.592,0.768,"Sample mean"
342,0.584,0.764,"Sample mean"
343,0.591,0.77,"Sample mean"
344,0.593,0.768,"Sample mean"
345,0.595,0.774,"Sample mean"
346,0.597,0.773,"Sample mean"
347,0.602,0.777,"Sample mean"
348,0.593,0.77,"Sample mean"
349,0.601,0.778,"Sample mean"
350,0.603,0.777,"Sample mean"
351,0.602,0.779,"Sample mean"
352,0.604,0.78,"Sample mean"
353,0.602,0.782,"Sample mean"
354,0.606,0.781,"Sample mean"
355,0.597,0.778,"Sample mean"
356,0.604,0.778,"Sample mean"
357,0.612,0.784,"Sample mean"
358,0.613,0.783,"Sample mean"
359,0.61,0.779,"Sample mean"
360,0.613,0.78,"Sample mean"
361,0.611,0.783,"Sample mean"
362,0.617,0.784,"Sample mean"
363,0.621,0.792,"Sample mean"
364,0.624,0.794,"Sample mean"
365,0.622,0.79,"Sample mean"
366,0.619,0.788,"Sample mean"
367,0.62,0.787,"Sample mean"
368,0.617,0.785,"Sample mean"
369,0.615,0.786,"Sample mean"
370,0.616,0.784,"Sample mean"
371,0.605,0.778,"Sample mean"
372,0.61,0.782,"Sample mean"
373,0.615,0.785,"Sample mean"
374,0.615,0.789,"Sample mean"
375,0.623,0.797,"Sample mean"
376,0.621,0.8,"Sample mean"
377,0.622,0.798,"Sample mean"
378,0.622,0.797,"Sample mean"
379,0.614,0.79,"Sample mean"
380,0.62,0.796,"Sample mean"
381,0.616,0.792,"Sample mean"
382,0.616,0.794,"Sample mean"
383,0.611,0.788,"Sample mean"
384,0.624,0.796,"Sample mean"
385,0.621,0.798,"Sample mean"
386,0.622,0.797,"Sample mean"
387,0.613,0.795,"Sample mean"
388,0.615,0.796,"Sample mean"
389,0.62,0.801,"Sample mean"
390,0.621,0.795,"Sample mean"
391,0.616,0.793,"Sample mean"
392,0.62,0.794,"Sample mean"
393,0.62,0.79,"Sample mean"
394,0.616,0.79,"Sample mean"
395,0.625,0.8,"Sample mean"
396,0.619,0.797,"Sample mean"
397,0.625,0.796,"Sample mean"
398,0.622,0.792,"Sample mean"
399,0.629,0.796,"Sample mean"
400,0.627,0.799,"Sample mean"
401,0.626,0.794,"Sample mean"
402,0.625,0.793,"Sample mean"
403,0.631,0.795,"Sample mean"
404,0.626,0.794,"Sample mean"
405,0.627,0.79,"Sample mean"
406,0.625,0.786,"Sample mean"
407,0.624,0.789,"Sample mean"
408,0.626,0.791,"Sample mean"
409,0.621,0.789,"Sample mean"
410,0.625,0.795,"Sample mean"
411,0.624,0.789,"Sample mean"
412,0.615,0.784,"Sample mean"
413,0.62,0.789,"Sample mean"
414,0.617,0.789,"Sample mean"
415,0.631,0.794,"Sample mean"
416,0.625,0.794,"Sample mean"
417,0.625,0.795,"Sample mean"
418,0.627,0.796,"Sample mean"
419,0.628,0.799,"Sample mean"
420,0.633,0.8,"Sample mean"
421,0.632,0.802,"Sample mean"
422,0.633,0.796,"Sample mean"
423,0.633,0.798,"Sample mean"
424,0.632,0.797,"Sample mean"
425,0.628,0.794,"Sample mean"
426,0.626,0.794,"Sample mean"
427,0.632,0.798,"Sample mean"
428,0.636,0.802,"Sample mean"
429,0.636,0.796,"Sample mean"
430,0.632,0.795,"Sample mean"
431,0.634,0.794,"Sample mean"
432,0.631,0.792,"Sample mean"
433,0.631,0.79,"Sample mean"
434,0.635,0.796,"Sample mean"
435,0.638,0.799,"Sample mean"
436,0.636,0.798,"Sample mean"
437,0.636,0.802,"Sample mean"
438,0.638,0.801,"Sample mean"
439,0.633,0.799,"Sample mean"
440,0.633,0.8,"Sample mean"
441,0.635,0.796,"Sample mean"
442,0.633,0.797,"Sample mean"
443,0.634,0.787,"Sample mean"
444,0.635,0.794,"Sample mean"
445,0.635,0.789,"Sample mean"
446,0.632,0.793,"Sample mean"
447,0.634,0.794,"Sample mean"
448,0.633,0.8,"Sample mean"
449,0.638,0.8,"Sample mean"
450,0.634,0.795,"Sample mean"
451,0.643,0.802,"Sample mean"
452,0.638,0.798,"Sample mean"
453,0.642,0.8,"Sample mean"
454,0.639,0.797,"Sample mean"
455,0.635,0.794,"Sample mean"
456,0.635,0.795,"Sample mean"
457,0.636,0.795,"Sample mean"
458,0.634,0.791,"Sample mean"
459,0.639,0.795,"Sample mean"
460,0.642,0.798,"Sample mean"
461,0.637,0.793,"Sample mean"
462,0.641,0.799,"Sample mean"
463,0.644,0.804,"Sample mean"
464,0.644,0.801,"Sample mean"
465,0.64,0.797,"Sample mean"
466,0.642,0.798,"Sample mean"
467,0.641,0.8,"Sample mean"
468,0.64,0.798,"Sample mean"
469,0.642,0.8,"Sample mean"
470,0.639,0.8,"Sample mean"
471,0.642,0.804,"Sample mean"
472,0.645,0.804,"Sample mean"
473,0.643,0.801,"Sample mean"
474,0.646,0.803,"Sample mean"
475,0.64,0.803,"Sample mean"
476,0.648,0.808,"Sample mean"
477,0.645,0.81,"Sample mean"
478,0.649,0.809,"Sample mean"
479,0.654,0.812,"Sample mean"
480,0.643,0.81,"Sample mean"
481,0.643,0.812,"Sample mean"
482,0.642,0.812,"Sample mean"
483,0.641,0.81,"Sample mean"
484,0.636,0.811,"Sample mean"
485,0.641,0.815,"Sample mean"
486,0.645,0.818,"Sample mean"
487,0.644,0.82,"Sample mean"
488,0.648,0.818,"Sample mean"
489,0.655,0.825,"Sample mean"
490,0.645,0.817,"Sample mean"
491,0.644,0.817,"Sample mean"
492,0.644,0.815,"Sample mean"
493,0.645,0.818,"Sample mean"
494,0.646,0.819,"Sample mean"
495,0.642,0.817,"Sample mean"
496,0.653,0.822,"Sample mean"
497,0.65,0.824,"Sample mean"
498,0.649,0.822,"Sample mean"
499,0.648,0.822,"Sample mean"
500,0.649,0.826,"Sample mean"
501,0.652,0.825,"Sample mean"
502,0.646,0.825,"Sample mean"
503,0.649,0.827,"Sample mean"
504,0.649,0.827,"Sample mean"
505,0.647,0.823,"Sample mean"
506,0.648,0.822,"Sample mean"
507,0.652,0.826,"Sample mean"
508,0.649,0.823,"Sample mean"
509,0.652,0.826,"Sample mean"
510,0.649,0.824,"Sample mean"
511,0.655,0.822,"Sample mean"
512,0.647,0.818,"Sample mean"
513,0.642,0.816,"Sample mean"
514,0.646,0.819,"Sample mean"
515,0.648,0.821,"Sample mean"
516,0.651,0.825,"Sample mean"
517,0.645,0.823,"Sample mean"
518,0.642,0.82,"Sample mean"
519,0.646,0.82,"Sample mean"
520,0.646,0.819,"Sample mean"
521,0.651,0.821,"Sample mean"
522,0.657,0.826,"Sample mean"
523,0.662,0.827,"Sample mean"
524,0.661,0.831,"Sample mean"
525,0.658,0.827,"Sample mean"
526,0.652,0.821,"Sample mean"
527,0.65,0.816,"Sample mean"
528,0.65,0.82,"Sample mean"
529,0.652,0.82,"Sample mean"
530,0.652,0.819,"Sample mean"
531,0.653,0.822,"Sample mean"
532,0.649,0.819,"Sample mean"
533,0.644,0.819,"Sample mean"
534,0.651,0.825,"Sample mean"
535,0.649,0.82,"Sample mean"
536,0.649,0.826,"Sample mean"
537,0.653,0.829,"Sample mean"
538,0.65,0.826,"Sample mean"
539,0.649,0.826,"Sample mean"
540,0.655,0.827,"Sample mean"
541,0.654,0.824,"Sample mean"
542,0.654,0.823,"Sample mean"
543,0.652,0.822,"Sample mean"
544,0.655,0.824,"Sample mean"
545,0.654,0.823,"Sample mean"
546,0.655,0.823,"Sample mean"
547,0.656,0.819,"Sample mean"
548,0.66,0.827,"Sample mean"
549,0.653,0.822,"Sample mean"
550,0.652,0.825,"Sample mean"
551,0.649,0.823,"Sample mean"
552,0.66,0.828,"Sample mean"
553,0.663,0.83,"Sample mean"
554,0.661,0.829,"Sample mean"
555,0.661,0.829,"Sample mean"
556,0.661,0.827,"Sample mean"
557,0.656,0.825,"Sample mean"
558,0.661,0.829,"Sample mean"
559,0.66,0.822,"Sample mean"
560,0.659,0.826,"Sample mean"
561,0.67,0.828,"Sample mean"
562,0.663,0.824,"Sample mean"
563,0.669,0.827,"Sample mean"
564,0.667,0.83,"Sample mean"
565,0.664,0.829,"Sample mean"
566,0.665,0.832,"Sample mean"
567,0.669,0.836,"Sample mean"
568,0.669,0.835,"Sample mean"
569,0.667,0.831,"Sample mean"
570,0.664,0.827,"Sample mean"
571,0.67,0.828,"Sample mean"
572,0.666,0.827,"Sample mean"
573,0.674,0.831,"Sample mean"
574,0.675,0.838,"Sample mean"
575,0.679,0.841,"Sample mean"
576,0.673,0.841,"Sample mean"
577,0.672,0.844,"Sample mean"
578,0.675,0.84,"Sample mean"
579,0.673,0.837,"Sample mean"
580,0.678,0.838,"Sample mean"
581,0.671,0.834,"Sample mean"
582,0.673,0.831,"Sample mean"
583,0.674,0.833,"Sample mean"
584,0.671,0.83,"Sample mean"
585,0.669,0.83,"Sample mean"
586,0.672,0.828,"Sample mean"
587,0.677,0.832,"Sample mean"
588,0.674,0.826,"Sample mean"
589,0.675,0.829,"Sample mean"
590,0.682,0.833,"Sample mean"
591,0.679,0.834,"Sample mean"
592,0.679,0.83,"Sample mean"
593,0.684,0.833,"Sample mean"
594,0.69,0.836,"Sample mean"
595,0.689,0.835,"Sample mean"
596,0.69,0.837,"Sample mean"
597,0.685,0.834,"Sample mean"
598,0.688,0.838,"Sample mean"
599,0.691,0.843,"Sample mean"
600,0.693,0.845,"Sample mean"
601,0.691,0.841,"Sample mean"
602,0.693,0.837,"Sample mean"
603,0.698,0.844,"Sample mean"
604,0.695,0.844,"Sample mean"
605,0.697,0.847,"Sample mean"
606,0.691,0.841,"Sample mean"
607,0.692,0.838,"Sample mean"
608,0.692,0.842,"Sample mean"
609,0.686,0.838,"Sample mean"
610,0.68,0.836,"Sample mean"
611,0.682,0.836,"Sample mean"
612,0.682,0.834,"Sample mean"
613,0.685,0.837,"Sample mean"
614,0.686,0.836,"Sample mean"
615,0.687,0.838,"Sample mean"
616,0.689,0.837,"Sample mean"
617,0.684,0.835,"Sample mean"
618,0.687,0.832,"Sample mean"
619,0.685,0.831,"Sample mean"
620,0.687,0.832,"Sample mean"
621,0.683,0.834,"Sample mean"
622,0.686,0.838,"Sample mean"
623,0.687,0.838,"Sample mean"
624,0.687,0.837,"Sample mean"
625,0.695,0.846,"Sample mean"
626,0.693,0.837,"Sample mean"
627,0.69,0.841,"Sample mean"
628,0.691,0.84,"Sample mean"
629,0.693,0.842,"Sample mean"
630,0.698,0.848,"Sample mean"
631,0.697,0.848,"Sample mean"
632,0.694,0.845,"Sample mean"
633,0.689,0.844,"Sample mean"
634,0.689,0.839,"Sample mean"
635,0.69,0.838,"Sample mean"
636,0.694,0.842,"Sample mean"
637,0.697,0.844,"Sample mean"
638,0.698,0.845,"Sample mean"
639,0.7,0.847,"Sample mean"
640,0.696,0.849,"Sample mean"
641,0.7,0.85,"Sample mean"
642,0.699,0.848,"Sample mean"
643,0.697,0.846,"Sample mean"
644,0.69,0.842,"Sample mean"
645,0.698,0.846,"Sample mean"
646,0.7,0.85,"Sample mean"
647,0.697,0.849,"Sample mean"
648,0.694,0.848,"Sample mean"
649,0.696,0.849,"Sample mean"
650,0.697,0.849,"Sample mean"
651,0.698,0.849,"Sample mean"
652,0.699,0.85,"Sample mean"
653,0.7,0.849,"Sample mean"
654,0.699,0.851,"Sample mean"
655,0.703,0.854,"Sample mean"
656,0.702,0.853,"Sample mean"
657,0.703,0.854,"Sample mean"
658,0.702,0.854,"Sample mean"
659,0.701,0.851,"Sample mean"
660,0.704,0.849,"Sample mean"
661,0.702,0.852,"Sample mean"
662,0.705,0.852,"Sample mean"
663,0.71,0.857,"Sample mean"
664,0.711,0.858,"Sample mean"
665,0.713,0.861,"Sample mean"
666,0.709,0.856,"Sample mean"
667,0.71,0.857,"Sample mean"
668,0.714,0.862,"Sample mean"
669,0.711,0.858,"Sample mean"
670,0.711,0.857,"Sample mean"
671,0.708,0.859,"Sample mean"
672,0.706,0.853,"Sample mean"
673,0.708,0.853,"Sample mean"
674,0.704,0.855,"Sample mean"
675,0.708,0.856,"Sample mean"
676,0.703,0.854,"Sample mean"
677,0.704,0.854,"Sample mean"
678,0.708,0.854,"Sample mean"
679,0.712,0.856,"Sample mean"
680,0.712,0.855,"Sample mean"
681,0.712,0.855,"Sample mean"
682,0.715,0.862,"Sample mean"
683,0.718,0.861,"Sample mean"
684,0.712,0.859,"Sample mean"
685,0.715,0.86,"Sample mean"
686,0.718,0.863,"Sample mean"
687,0.718,0.864,"Sample mean"
688,0.72,0.865,"Sample mean"
689,0.72,0.862,"Sample mean"
690,0.716,0.863,"Sample mean"
691,0.714,0.861,"Sample mean"
692,0.716,0.863,"Sample mean"
693,0.716,0.866,"Sample mean"
694,0.719,0.864,"Sample mean"
695,0.719,0.865,"Sample mean"
696,0.725,0.866,"Sample mean"
697,0.724,0.868,"Sample mean"
698,0.724,0.869,"Sample mean"
699,0.725,0.866,"Sample mean"
700,0.729,0.87,"Sample mean"
701,0.732,0.872,"Sample mean"
702,0.731,0.867,"Sample mean"
703,0.735,0.868,"Sample mean"
704,0.733,0.869,"Sample mean"
705,0.732,0.87,"Sample mean"
706,0.733,0.87,"Sample mean"
707,0.728,0.868,"Sample mean"
708,0.732,0.874,"Sample mean"
709,0.732,0.875,"Sample mean"
710,0.735,0.875,"Sample mean"
711,0.729,0.87,"Sample mean"
712,0.734,0.875,"Sample mean"
713,0.736,0.871,"Sample mean"
714,0.732,0.869,"Sample mean"
715,0.734,0.87,"Sample mean"
716,0.73,0.868,"Sample mean"
717,0.729,0.867,"Sample mean"
718,0.732,0.868,"Sample mean"
719,0.73,0.867,"Sample mean"
720,0.731,0.868,"Sample mean"
721,0.735,0.869,"Sample mean"
722,0.738,0.873,"Sample mean"
723,0.736,0.873,"Sample mean"
724,0.739,0.873,"Sample mean"
725,0.737,0.871,"Sample mean"
726,0.738,0.872,"Sample mean"
727,0.742,0.877,"Sample mean"
728,0.742,0.876,"Sample mean"
729,0.738,0.875,"Sample mean"
730,0.74,0.875,"Sample mean"
731,0.74,0.874,"Sample mean"
732,0.741,0.878,"Sample mean"
733,0.743,0.881,"Sample mean"
734,0.744,0.882,"Sample mean"
735,0.745,0.881,"Sample mean"
736,0.743,0.882,"Sample mean"
737,0.744,0.878,"Sample mean"
738,0.746,0.88,"Sample mean"
739,0.741,0.876,"Sample mean"
740,0.738,0.872,"Sample mean"
741,0.741,0.873,"Sample mean"
742,0.742,0.87,"Sample mean"
743,0.743,0.872,"Sample mean"
744,0.741,0.873,"Sample mean"
745,0.743,0.875,"Sample mean"
746,0.742,0.877,"Sample mean"
747,0.739,0.873,"Sample mean"
748,0.743,0.875,"Sample mean"
749,0.746,0.879,"Sample mean"
750,0.745,0.877,"Sample mean"
751,0.744,0.876,"Sample mean"
752,0.742,0.873,"Sample mean"
753,0.738,0.874,"Sample mean"
754,0.74,0.876,"Sample mean"
755,0.74,0.877,"Sample mean"
756,0.739,0.875,"Sample mean"
757,0.74,0.876,"Sample mean"
758,0.74,0.872,"Sample mean"
759,0.737,0.872,"Sample mean"
760,0.735,0.869,"Sample mean"
761,0.737,0.871,"Sample mean"
762,0.742,0.875,"Sample mean"
763,0.742,0.873,"Sample mean"
764,0.74,0.873,"Sample mean"
765,0.739,0.878,"Sample mean"
766,0.74,0.878,"Sample mean"
767,0.738,0.878,"Sample mean"
768,0.737,0.874,"Sample mean"
769,0.743,0.877,"Sample mean"
770,0.753,0.88,"Sample mean"
771,0.745,0.875,"Sample mean"
772,0.742,0.877,"Sample mean"
773,0.742,0.879,"Sample mean"
774,0.743,0.877,"Sample mean"
775,0.746,0.879,"Sample mean"
776,0.742,0.878,"Sample mean"
777,0.738,0.878,"Sample mean"
778,0.741,0.875,"Sample mean"
779,0.742,0.877,"Sample mean"
780,0.743,0.878,"Sample mean"
781,0.742,0.878,"Sample mean"
782,0.745,0.881,"Sample mean"
783,0.745,0.881,"Sample mean"
784,0.746,0.881,"Sample mean"
785,0.742,0.875,"Sample mean"
786,0.747,0.883,"Sample mean"
787,0.748,0.882,"Sample mean"
788,0.748,0.882,"Sample mean"
789,0.748,0.882,"Sample mean"
790,0.749,0.883,"Sample mean"
791,0.746,0.882,"Sample mean"
792,0.745,0.882,"Sample mean"
793,0.746,0.886,"Sample mean"
794,0.742,0.881,"Sample mean"
795,0.746,0.887,"Sample mean"
796,0.746,0.882,"Sample mean"
797,0.749,0.883,"Sample mean"
798,0.747,0.884,"Sample mean"
799,0.746,0.884,"Sample mean"
800,0.75,0.891,"Sample mean"
801,0.752,0.888,"Sample mean"
802,0.758,0.891,"Sample mean"
803,0.754,0.885,"Sample mean"
804,0.753,0.887,"Sample mean"
805,0.752,0.887,"Sample mean"
806,0.756,0.888,"Sample mean"
807,0.751,0.885,"Sample mean"
808,0.752,0.889,"Sample mean"
809,0.748,0.884,"Sample mean"
810,0.745,0.882,"Sample mean"
811,0.75,0.884,"Sample mean"
812,0.747,0.881,"Sample mean"
813,0.745,0.88,"Sample mean"
814,0.749,0.882,"Sample mean"
815,0.75,0.886,"Sample mean"
816,0.751,0.883,"Sample mean"
817,0.75,0.885,"Sample mean"
818,0.751,0.885,"Sample mean"
819,0.751,0.882,"Sample mean"
820,0.748,0.884,"Sample mean"
821,0.748,0.883,"Sample mean"
822,0.748,0.885,"Sample mean"
823,0.747,0.885,"Sample mean"
824,0.749,0.886,"Sample mean"
825,0.753,0.888,"Sample mean"
826,0.752,0.889,"Sample mean"
827,0.754,0.888,"Sample mean"
828,0.753,0.888,"Sample mean"
829,0.75,0.888,"Sample mean"
830,0.751,0.883,"Sample mean"
831,0.749,0.884,"Sample mean"
832,0.758,0.888,"Sample mean"
833,0.753,0.889,"Sample mean"
834,0.752,0.887,"Sample mean"
835,0.748,0.885,"Sample mean"
836,0.752,0.887,"Sample mean"
837,0.749,0.885,"Sample mean"
838,0.75,0.885,"Sample mean"
839,0.751,0.887,"Sample mean"
840,0.752,0.885,"Sample mean"
841,0.752,0.888,"Sample mean"
842,0.759,0.892,"Sample mean"
843,0.756,0.889,"Sample mean"
844,0.757,0.891,"Sample mean"
845,0.763,0.894,"Sample mean"
846,0.762,0.893,"Sample mean"
847,0.758,0.889,"Sample mean"
848,0.758,0.889,"Sample mean"
849,0.753,0.888,"Sample mean"
850,0.757,0.889,"Sample mean"
851,0.751,0.888,"Sample mean"
852,0.755,0.891,"Sample mean"
853,0.752,0.889,"Sample mean"
854,0.755,0.89,"Sample mean"
855,0.751,0.886,"Sample mean"
856,0.747,0.885,"Sample mean"
857,0.751,0.883,"Sample mean"
858,0.754,0.887,"Sample mean"
859,0.755,0.887,"Sample mean"
860,0.755,0.888,"Sample mean"
861,0.753,0.885,"Sample mean"
862,0.756,0.89,"Sample mean"
863,0.756,0.888,"Sample mean"
864,0.759,0.889,"Sample mean"
865,0.758,0.889,"Sample mean"
866,0.759,0.888,"Sample mean"
867,0.765,0.891,"Sample mean"
868,0.765,0.894,"Sample mean"
869,0.767,0.896,"Sample mean"
870,0.769,0.894,"Sample mean"
871,0.764,0.894,"Sample mean"
872,0.764,0.894,"Sample mean"
873,0.763,0.892,"Sample mean"
874,0.764,0.896,"Sample mean"
875,0.76,0.887,"Sample mean"
876,0.764,0.892,"Sample mean"
877,0.765,0.896,"Sample mean"
878,0.769,0.895,"Sample mean"
879,0.768,0.897,"Sample mean"
880,0.767,0.896,"Sample mean"
881,0.769,0.898,"Sample mean"
882,0.764,0.896,"Sample mean"
883,0.765,0.896,"Sample mean"
884,0.764,0.89,"Sample mean"
885,0.766,0.892,"Sample mean"
886,0.766,0.889,"Sample mean"
887,0.765,0.89,"Sample mean"
888,0.763,0.889,"Sample mean"
889,0.768,0.892,"Sample mean"
890,0.763,0.889,"Sample mean"
891,0.765,0.895,"Sample mean"
892,0.764,0.895,"Sample mean"
893,0.765,0.894,"Sample mean"
894,0.762,0.894,"Sample mean"
895,0.769,0.896,"Sample mean"
896,0.766,0.893,"Sample mean"
897,0.766,0.893,"Sample mean"
898,0.766,0.889,"Sample mean"
899,0.767,0.891,"Sample mean"
900,0.764,0.891,"Sample mean"
901,0.766,0.894,"Sample mean"
902,0.765,0.893,"Sample mean"
903,0.765,0.893,"Sample mean"
904,0.764,0.89,"Sample mean"
905,0.765,0.891,"Sample mean"
906,0.763,0.887,"Sample mean"
907,0.764,0.888,"Sample mean"
908,0.767,0.889,"Sample mean"
909,0.765,0.892,"Sample mean"
910,0.767,0.891,"Sample mean"
911,0.766,0.89,"Sample mean"
912,0.77,0.893,"Sample mean"
913,0.77,0.895,"Sample mean"
914,0.776,0.896,"Sample mean"
915,0.773,0.898,"Sample mean"
916,0.766,0.894,"Sample mean"
917,0.772,0.897,"Sample mean"
918,0.769,0.896,"Sample mean"
919,0.772,0.896,"Sample mean"
920,0.768,0.893,"Sample mean"
921,0.769,0.893,"Sample mean"
922,0.772,0.893,"Sample mean"
923,0.771,0.89,"Sample mean"
924,0.772,0.893,"Sample mean"
925,0.773,0.895,"Sample mean"
926,0.769,0.894,"Sample mean"
927,0.772,0.892,"Sample mean"
928,0.769,0.894,"Sample mean"
929,0.774,0.895,"Sample mean"
930,0.77,0.896,"Sample mean"
931,0.768,0.895,"Sample mean"
932,0.772,0.894,"Sample mean"
933,0.775,0.898,"Sample mean"
934,0.773,0.897,"Sample mean"
935,0.773,0.897,"Sample mean"
936,0.771,0.896,"Sample mean"
937,0.772,0.894,"Sample mean"
938,0.773,0.896,"Sample mean"
939,0.777,0.899,"Sample mean"
940,0.777,0.899,"Sample mean"
941,0.778,0.898,"Sample mean"
942,0.781,0.9,"Sample mean"
943,0.78,0.9,"Sample mean"
944,0.781,0.899,"Sample mean"
945,0.781,0.898,"Sample mean"
946,0.78,0.899,"Sample mean"
947,0.784,0.898,"Sample mean"
948,0.782,0.896,"Sample mean"
949,0.787,0.898,"Sample mean"
950,0.785,0.899,"Sample mean"
951,0.789,0.9,"Sample mean"
952,0.782,0.898,"Sample mean"
953,0.789,0.9,"Sample mean"
954,0.789,0.897,"Sample mean"
955,0.79,0.899,"Sample mean"
956,0.79,0.898,"Sample mean"
957,0.784,0.895,"Sample mean"
958,0.782,0.896,"Sample mean"
959,0.781,0.894,"Sample mean"
960,0.782,0.896,"Sample mean"
961,0.786,0.896,"Sample mean"
962,0.785,0.897,"Sample mean"
963,0.783,0.897,"Sample mean"
964,0.781,0.895,"Sample mean"
965,0.783,0.897,"Sample mean"
966,0.781,0.896,"Sample mean"
967,0.776,0.895,"Sample mean"
968,0.78,0.896,"Sample mean"
969,0.779,0.895,"Sample mean"
970,0.78,0.898,"Sample mean"
971,0.78,0.894,"Sample mean"
972,0.776,0.891,"Sample mean"
973,0.777,0.892,"Sample mean"
974,0.78,0.895,"Sample mean"
975,0.777,0.895,"Sample mean"
976,0.779,0.891,"Sample mean"
977,0.781,0.893,"Sample mean"
978,0.781,0.892,"Sample mean"
979,0.783,0.896,"Sample mean"
980,0.783,0.897,"Sample mean"
981,0.785,0.901,"Sample mean"
982,0.79,0.904,"Sample mean"
983,0.785,0.901,"Sample mean"
984,0.782,0.902,"Sample mean"
985,0.782,0.899,"Sample mean"
986,0.784,0.898,"Sample mean"
987,0.787,0.899,"Sample mean"
988,0.788,0.9,"Sample mean"
989,0.785,0.898,"Sample mean"
990,0.787,0.898,"Sample mean"
991,0.789,0.9,"Sample mean"
992,0.785,0.898,"Sample mean"
993,0.791,0.902,"Sample mean"
994,0.792,0.902,"Sample mean"
995,0.796,0.903,"Sample mean"
996,0.794,0.904,"Sample mean"
997,0.79,0.903,"Sample mean"
998,0.788,0.902,"Sample mean"
999,0.788,0.903,"Sample mean"
1000,0.787,0.906,"Sample mean"
1,0.152,0.271,"Horvitz-Thompson"
2,0.174,0.344,"Horvitz-Thompson"
3,0.162,0.346,"Horvitz-Thompson"
4,0.147,0.34,"Horvitz-Thompson"
5,0.162,0.355,"Horvitz-Thompson"
6,0.184,0.371,"Horvitz-Thompson"
7,0.194,0.384,"Horvitz-Thompson"
8,0.19,0.39,"Horvitz-Thompson"
9,0.195,0.392,"Horvitz-Thompson"
10,0.206,0.402,"Horvitz-Thompson"
11,0.212,0.411,"Horvitz-Thompson"
12,0.216,0.434,"Horvitz-Thompson"
13,0.22,0.44,"Horvitz-Thompson"
14,0.225,0.445,"Horvitz-Thompson"
15,0.231,0.436,"Horvitz-Thompson"
16,0.238,0.453,"Horvitz-Thompson"
17,0.231,0.452,"Horvitz-Thompson"
18,0.229,0.45,"Horvitz-Thompson"
19,0.223,0.442,"Horvitz-Thompson"
20,0.227,0.448,"Horvitz-Thompson"
21,0.236,0.452,"Horvitz-Thompson"
22,0.24,0.457,"Horvitz-Thompson"
23,0.245,0.47,"Horvitz-Thompson"
24,0.242,0.474,"Horvitz-Thompson"
25,0.248,0.476,"Horvitz-Thompson"
26,0.252,0.475,"Horvitz-Thompson"
27,0.246,0.472,"Horvitz-Thompson"
28,0.251,0.476,"Horvitz-Thompson"
29,0.254,0.477,"Horvitz-Thompson"
30,0.258,0.485,"Horvitz-Thompson"
31,0.252,0.48,"Horvitz-Thompson"
32,0.259,0.478,"Horvitz-Thompson"
33,0.265,0.485,"Horvitz-Thompson"
34,0.264,0.486,"Horvitz-Thompson"
35,0.264,0.485,"Horvitz-Thompson"
36,0.264,0.483,"Horvitz-Thompson"
37,0.263,0.482,"Horvitz-Thompson"
38,0.264,0.483,"Horvitz-Thompson"
39,0.268,0.497,"Horvitz-Thompson"
40,0.267,0.497,"Horvitz-Thompson"
41,0.274,0.494,"Horvitz-Thompson"
42,0.282,0.495,"Horvitz-Thompson"
43,0.28,0.5,"Horvitz-Thompson"
44,0.279,0.493,"Horvitz-Thompson"
45,0.277,0.484,"Horvitz-Thompson"
46,0.288,0.495,"Horvitz-Thompson"
47,0.279,0.496,"Horvitz-Thompson"
48,0.29,0.505,"Horvitz-Thompson"
49,0.291,0.5,"Horvitz-Thompson"
50,0.29,0.504,"Horvitz-Thompson"
51,0.286,0.503,"Horvitz-Thompson"
52,0.286,0.506,"Horvitz-Thompson"
53,0.284,0.505,"Horvitz-Thompson"
54,0.298,0.516,"Horvitz-Thompson"
55,0.294,0.516,"Horvitz-Thompson"
56,0.299,0.525,"Horvitz-Thompson"
57,0.298,0.517,"Horvitz-Thompson"
58,0.296,0.512,"Horvitz-Thompson"
59,0.301,0.518,"Horvitz-Thompson"
60,0.303,0.525,"Horvitz-Thompson"
61,0.302,0.525,"Horvitz-Thompson"
62,0.303,0.524,"Horvitz-Thompson"
63,0.304,0.52,"Horvitz-Thompson"
64,0.31,0.528,"Horvitz-Thompson"
65,0.309,0.528,"Horvitz-Thompson"
66,0.312,0.531,"Horvitz-Thompson"
67,0.301,0.527,"Horvitz-Thompson"
68,0.306,0.535,"Horvitz-Thompson"
69,0.306,0.541,"Horvitz-Thompson"
70,0.304,0.53,"Horvitz-Thompson"
71,0.308,0.529,"Horvitz-Thompson"
72,0.314,0.539,"Horvitz-Thompson"
73,0.316,0.549,"Horvitz-Thompson"
74,0.32,0.546,"Horvitz-Thompson"
75,0.32,0.54,"Horvitz-Thompson"
76,0.321,0.536,"Horvitz-Thompson"
77,0.319,0.535,"Horvitz-Thompson"
78,0.327,0.54,"Horvitz-Thompson"
79,0.328,0.546,"Horvitz-Thompson"
80,0.329,0.537,"Horvitz-Thompson"
81,0.327,0.533,"Horvitz-Thompson"
82,0.327,0.529,"Horvitz-Thompson"
83,0.327,0.529,"Horvitz-Thompson"
84,0.322,0.531,"Horvitz-Thompson"
85,0.318,0.531,"Horvitz-Thompson"
86,0.32,0.534,"Horvitz-Thompson"
87,0.325,0.54,"Horvitz-Thompson"
88,0.336,0.552,"Horvitz-Thompson"
89,0.333,0.546,"Horvitz-Thompson"
90,0.325,0.54,"Horvitz-Thompson"
91,0.318,0.534,"Horvitz-Thompson"
92,0.32,0.529,"Horvitz-Thompson"
93,0.319,0.531,"Horvitz-Thompson"
94,0.323,0.531,"Horvitz-Thompson"
95,0.327,0.537,"Horvitz-Thompson"
96,0.33,0.543,"Horvitz-Thompson"
97,0.333,0.539,"Horvitz-Thompson"
98,0.331,0.537,"Horvitz-Thompson"
99,0.334,0.541,"Horvitz-Thompson"
100,0.335,0.542,"Horvitz-Thompson"
101,0.352,0.559,"Horvitz-Thompson"
102,0.354,0.563,"Horvitz-Thompson"
103,0.357,0.565,"Horvitz-Thompson"
104,0.363,0.57,"Horvitz-Thompson"
105,0.363,0.574,"Horvitz-Thompson"
106,0.371,0.579,"Horvitz-Thompson"
107,0.376,0.581,"Horvitz-Thompson"
108,0.373,0.582,"Horvitz-Thompson"
109,0.364,0.58,"Horvitz-Thompson"
110,0.369,0.583,"Horvitz-Thompson"
111,0.371,0.583,"Horvitz-Thompson"
112,0.361,0.576,"Horvitz-Thompson"
113,0.36,0.586,"Horvitz-Thompson"
114,0.361,0.586,"Horvitz-Thompson"
115,0.357,0.576,"Horvitz-Thompson"
116,0.359,0.581,"Horvitz-Thompson"
117,0.363,0.583,"Horvitz-Thompson"
118,0.366,0.59,"Horvitz-Thompson"
119,0.37,0.59,"Horvitz-Thompson"
120,0.373,0.589,"Horvitz-Thompson"
121,0.373,0.59,"Horvitz-Thompson"
122,0.366,0.583,"Horvitz-Thompson"
123,0.36,0.583,"Horvitz-Thompson"
124,0.368,0.591,"Horvitz-Thompson"
125,0.371,0.594,"Horvitz-Thompson"
126,0.368,0.584,"Horvitz-Thompson"
127,0.371,0.591,"Horvitz-Thompson"
128,0.368,0.592,"Horvitz-Thompson"
129,0.361,0.584,"Horvitz-Thompson"
130,0.352,0.575,"Horvitz-Thompson"
131,0.361,0.581,"Horvitz-Thompson"
132,0.362,0.589,"Horvitz-Thompson"
133,0.365,0.588,"Horvitz-Thompson"
134,0.371,0.588,"Horvitz-Thompson"
135,0.375,0.589,"Horvitz-Thompson"
136,0.369,0.593,"Horvitz-Thompson"
137,0.378,0.597,"Horvitz-Thompson"
138,0.376,0.6,"Horvitz-Thompson"
139,0.373,0.593,"Horvitz-Thompson"
140,0.374,0.602,"Horvitz-Thompson"
141,0.372,0.597,"Horvitz-Thompson"
142,0.375,0.598,"Horvitz-Thompson"
143,0.376,0.599,"Horvitz-Thompson"
144,0.372,0.593,"Horvitz-Thompson"
145,0.368,0.593,"Horvitz-Thompson"
146,0.376,0.599,"Horvitz-Thompson"
147,0.376,0.593,"Horvitz-Thompson"
148,0.378,0.593,"Horvitz-Thompson"
149,0.38,0.6,"Horvitz-Thompson"
150,0.375,0.597,"Horvitz-Thompson"
151,0.381,0.6,"Horvitz-Thompson"
152,0.378,0.594,"Horvitz-Thompson"
153,0.38,0.596,"Horvitz-Thompson"
154,0.376,0.599,"Horvitz-Thompson"
155,0.374,0.592,"Horvitz-Thompson"
156,0.377,0.592,"Horvitz-Thompson"
157,0.383,0.6,"Horvitz-Thompson"
158,0.386,0.606,"Horvitz-Thompson"
159,0.386,0.604,"Horvitz-Thompson"
160,0.394,0.612,"Horvitz-Thompson"
161,0.397,0.614,"Horvitz-Thompson"
162,0.39,0.607,"Horvitz-Thompson"
163,0.388,0.608,"Horvitz-Thompson"
164,0.388,0.607,"Horvitz-Thompson"
165,0.387,0.607,"Horvitz-Thompson"
166,0.392,0.608,"Horvitz-Thompson"
167,0.391,0.614,"Horvitz-Thompson"
168,0.392,0.616,"Horvitz-Thompson"
169,0.399,0.617,"Horvitz-Thompson"
170,0.398,0.616,"Horvitz-Thompson"
171,0.402,0.619,"Horvitz-Thompson"
172,0.397,0.616,"Horvitz-Thompson"
173,0.394,0.62,"Horvitz-Thompson"
174,0.397,0.623,"Horvitz-Thompson"
175,0.395,0.621,"Horvitz-Thompson"
176,0.395,0.621,"Horvitz-Thompson"
177,0.391,0.619,"Horvitz-Thompson"
178,0.39,0.621,"Horvitz-Thompson"
179,0.393,0.625,"Horvitz-Thompson"
180,0.393,0.622,"Horvitz-Thompson"
181,0.394,0.625,"Horvitz-Thompson"
182,0.397,0.634,"Horvitz-Thompson"
183,0.391,0.62,"Horvitz-Thompson"
184,0.393,0.627,"Horvitz-Thompson"
185,0.39,0.625,"Horvitz-Thompson"
186,0.388,0.623,"Horvitz-Thompson"
187,0.39,0.628,"Horvitz-Thompson"
188,0.39,0.628,"Horvitz-Thompson"
189,0.398,0.633,"Horvitz-Thompson"
190,0.399,0.632,"Horvitz-Thompson"
191,0.395,0.639,"Horvitz-Thompson"
192,0.395,0.638,"Horvitz-Thompson"
193,0.397,0.639,"Horvitz-Thompson"
194,0.4,0.638,"Horvitz-Thompson"
195,0.4,0.634,"Horvitz-Thompson"
196,0.395,0.626,"Horvitz-Thompson"
197,0.398,0.629,"Horvitz-Thompson"
198,0.402,0.631,"Horvitz-Thompson"
199,0.403,0.624,"Horvitz-Thompson"
200,0.408,0.628,"Horvitz-Thompson"
201,0.41,0.63,"Horvitz-Thompson"
202,0.408,0.63,"Horvitz-Thompson"
203,0.403,0.633,"Horvitz-Thompson"
204,0.399,0.627,"Horvitz-Thompson"
205,0.392,0.622,"Horvitz-Thompson"
206,0.386,0.618,"Horvitz-Thompson"
207,0.391,0.621,"Horvitz-Thompson"
208,0.393,0.618,"Horvitz-Thompson"
209,0.398,0.622,"Horvitz-Thompson"
210,0.392,0.618,"Horvitz-Thompson"
211,0.388,0.621,"Horvitz-Thompson"
212,0.39,0.621,"Horvitz-Thompson"
213,0.388,0.617,"Horvitz-Thompson"
214,0.388,0.615,"Horvitz-Thompson"
215,0.39,0.618,"Horvitz-Thompson"
216,0.389,0.617,"Horvitz-Thompson"
217,0.385,0.613,"Horvitz-Thompson"
218,0.388,0.613,"Horvitz-Thompson"
219,0.385,0.611,"Horvitz-Thompson"
220,0.39,0.614,"Horvitz-Thompson"
221,0.392,0.616,"Horvitz-Thompson"
222,0.387,0.618,"Horvitz-Thompson"
223,0.383,0.617,"Horvitz-Thompson"
224,0.385,0.623,"Horvitz-Thompson"
225,0.381,0.622,"Horvitz-Thompson"
226,0.371,0.61,"Horvitz-Thompson"
227,0.382,0.618,"Horvitz-Thompson"
228,0.384,0.622,"Horvitz-Thompson"
229,0.388,0.625,"Horvitz-Thompson"
230,0.39,0.629,"Horvitz-Thompson"
231,0.387,0.631,"Horvitz-Thompson"
232,0.382,0.626,"Horvitz-Thompson"
233,0.387,0.629,"Horvitz-Thompson"
234,0.383,0.626,"Horvitz-Thompson"
235,0.381,0.621,"Horvitz-Thompson"
236,0.385,0.625,"Horvitz-Thompson"
237,0.386,0.622,"Horvitz-Thompson"
238,0.38,0.616,"Horvitz-Thompson"
239,0.385,0.621,"Horvitz-Thompson"
240,0.385,0.621,"Horvitz-Thompson"
241,0.387,0.62,"Horvitz-Thompson"
242,0.388,0.617,"Horvitz-Thompson"
243,0.392,0.618,"Horvitz-Thompson"
244,0.394,0.62,"Horvitz-Thompson"
245,0.391,0.615,"Horvitz-Thompson"
246,0.396,0.621,"Horvitz-Thompson"
247,0.397,0.629,"Horvitz-Thompson"
248,0.396,0.62,"Horvitz-Thompson"
249,0.394,0.62,"Horvitz-Thompson"
250,0.395,0.626,"Horvitz-Thompson"
251,0.398,0.625,"Horvitz-Thompson"
252,0.399,0.63,"Horvitz-Thompson"
253,0.401,0.624,"Horvitz-Thompson"
254,0.401,0.624,"Horvitz-Thompson"
255,0.405,0.627,"Horvitz-Thompson"
256,0.408,0.628,"Horvitz-Thompson"
257,0.405,0.629,"Horvitz-Thompson"
258,0.401,0.629,"Horvitz-Thompson"
259,0.402,0.627,"Horvitz-Thompson"
260,0.403,0.626,"Horvitz-Thompson"
261,0.404,0.622,"Horvitz-Thompson"
262,0.4,0.62,"Horvitz-Thompson"
263,0.396,0.62,"Horvitz-Thompson"
264,0.396,0.626,"Horvitz-Thompson"
265,0.399,0.625,"Horvitz-Thompson"
266,0.397,0.626,"Horvitz-Thompson"
267,0.396,0.625,"Horvitz-Thompson"
268,0.401,0.629,"Horvitz-Thompson"
269,0.401,0.628,"Horvitz-Thompson"
270,0.4,0.623,"Horvitz-Thompson"
271,0.395,0.619,"Horvitz-Thompson"
272,0.393,0.62,"Horvitz-Thompson"
273,0.394,0.622,"Horvitz-Thompson"
274,0.392,0.624,"Horvitz-Thompson"
275,0.394,0.625,"Horvitz-Thompson"
276,0.392,0.625,"Horvitz-Thompson"
277,0.394,0.627,"Horvitz-Thompson"
278,0.397,0.628,"Horvitz-Thompson"
279,0.393,0.633,"Horvitz-Thompson"
280,0.396,0.635,"Horvitz-Thompson"
281,0.394,0.633,"Horvitz-Thompson"
282,0.395,0.634,"Horvitz-Thompson"
283,0.398,0.631,"Horvitz-Thompson"
284,0.404,0.638,"Horvitz-Thompson"
285,0.405,0.637,"Horvitz-Thompson"
286,0.402,0.634,"Horvitz-Thompson"
287,0.399,0.634,"Horvitz-Thompson"
288,0.403,0.633,"Horvitz-Thompson"
289,0.397,0.629,"Horvitz-Thompson"
290,0.388,0.624,"Horvitz-Thompson"
291,0.391,0.622,"Horvitz-Thompson"
292,0.394,0.624,"Horvitz-Thompson"
293,0.395,0.625,"Horvitz-Thompson"
294,0.396,0.623,"Horvitz-Thompson"
295,0.401,0.628,"Horvitz-Thompson"
296,0.401,0.627,"Horvitz-Thompson"
297,0.405,0.63,"Horvitz-Thompson"
298,0.403,0.628,"Horvitz-Thompson"
299,0.403,0.628,"Horvitz-Thompson"
300,0.403,0.631,"Horvitz-Thompson"
301,0.408,0.636,"Horvitz-Thompson"
302,0.409,0.637,"Horvitz-Thompson"
303,0.412,0.639,"Horvitz-Thompson"
304,0.411,0.64,"Horvitz-Thompson"
305,0.413,0.64,"Horvitz-Thompson"
306,0.408,0.639,"Horvitz-Thompson"
307,0.412,0.643,"Horvitz-Thompson"
308,0.41,0.642,"Horvitz-Thompson"
309,0.408,0.639,"Horvitz-Thompson"
310,0.405,0.638,"Horvitz-Thompson"
311,0.403,0.634,"Horvitz-Thompson"
312,0.403,0.635,"Horvitz-Thompson"
313,0.4,0.635,"Horvitz-Thompson"
314,0.398,0.632,"Horvitz-Thompson"
315,0.398,0.632,"Horvitz-Thompson"
316,0.403,0.635,"Horvitz-Thompson"
317,0.393,0.637,"Horvitz-Thompson"
318,0.398,0.637,"Horvitz-Thompson"
319,0.399,0.638,"Horvitz-Thompson"
320,0.407,0.642,"Horvitz-Thompson"
321,0.408,0.639,"Horvitz-Thompson"
322,0.409,0.642,"Horvitz-Thompson"
323,0.407,0.641,"Horvitz-Thompson"
324,0.407,0.641,"Horvitz-Thompson"
325,0.403,0.635,"Horvitz-Thompson"
326,0.404,0.637,"Horvitz-Thompson"
327,0.408,0.642,"Horvitz-Thompson"
328,0.415,0.647,"Horvitz-Thompson"
329,0.409,0.645,"Horvitz-Thompson"
330,0.408,0.641,"Horvitz-Thompson"
331,0.41,0.639,"Horvitz-Thompson"
332,0.407,0.641,"Horvitz-Thompson"
333,0.406,0.636,"Horvitz-Thompson"
334,0.41,0.643,"Horvitz-Thompson"
335,0.411,0.644,"Horvitz-Thompson"
336,0.414,0.651,"Horvitz-Thompson"
337,0.408,0.645,"Horvitz-Thompson"
338,0.414,0.648,"Horvitz-Thompson"
339,0.416,0.655,"Horvitz-Thompson"
340,0.417,0.656,"Horvitz-Thompson"
341,0.416,0.649,"Horvitz-Thompson"
342,0.418,0.653,"Horvitz-Thompson"
343,0.417,0.652,"Horvitz-Thompson"
344,0.416,0.654,"Horvitz-Thompson"
345,0.412,0.65,"Horvitz-Thompson"
346,0.408,0.649,"Horvitz-Thompson"
347,0.404,0.643,"Horvitz-Thompson"
348,0.403,0.643,"Horvitz-Thompson"
349,0.404,0.641,"Horvitz-Thompson"
350,0.409,0.643,"Horvitz-Thompson"
351,0.415,0.649,"Horvitz-Thompson"
352,0.421,0.654,"Horvitz-Thompson"
353,0.417,0.655,"Horvitz-Thompson"
354,0.418,0.658,"Horvitz-Thompson"
355,0.411,0.659,"Horvitz-Thompson"
356,0.411,0.653,"Horvitz-Thompson"
357,0.414,0.655,"Horvitz-Thompson"
358,0.418,0.649,"Horvitz-Thompson"
359,0.419,0.65,"Horvitz-Thompson"
360,0.421,0.651,"Horvitz-Thompson"
361,0.422,0.652,"Horvitz-Thompson"
362,0.427,0.66,"Horvitz-Thompson"
363,0.428,0.66,"Horvitz-Thompson"
364,0.42,0.658,"Horvitz-Thompson"
365,0.426,0.658,"Horvitz-Thompson"
366,0.421,0.656,"Horvitz-Thompson"
367,0.423,0.655,"Horvitz-Thompson"
368,0.423,0.656,"Horvitz-Thompson"
369,0.418,0.649,"Horvitz-Thompson"
370,0.422,0.653,"Horvitz-Thompson"
371,0.424,0.656,"Horvitz-Thompson"
372,0.421,0.654,"Horvitz-Thompson"
373,0.422,0.656,"Horvitz-Thompson"
374,0.423,0.657,"Horvitz-Thompson"
375,0.429,0.661,"Horvitz-Thompson"
376,0.43,0.666,"Horvitz-Thompson"
377,0.43,0.661,"Horvitz-Thompson"
378,0.43,0.664,"Horvitz-Thompson"
379,0.432,0.66,"Horvitz-Thompson"
380,0.427,0.655,"Horvitz-Thompson"
381,0.425,0.654,"Horvitz-Thompson"
382,0.421,0.653,"Horvitz-Thompson"
383,0.426,0.655,"Horvitz-Thompson"
384,0.431,0.659,"Horvitz-Thompson"
385,0.426,0.659,"Horvitz-Thompson"
386,0.423,0.654,"Horvitz-Thompson"
387,0.424,0.656,"Horvitz-Thompson"
388,0.43,0.661,"Horvitz-Thompson"
389,0.427,0.662,"Horvitz-Thompson"
390,0.427,0.662,"Horvitz-Thompson"
391,0.424,0.659,"Horvitz-Thompson"
392,0.423,0.656,"Horvitz-Thompson"
393,0.424,0.66,"Horvitz-Thompson"
394,0.424,0.66,"Horvitz-Thompson"
395,0.426,0.662,"Horvitz-Thompson"
396,0.421,0.658,"Horvitz-Thompson"
397,0.425,0.658,"Horvitz-Thompson"
398,0.425,0.657,"Horvitz-Thompson"
399,0.43,0.661,"Horvitz-Thompson"
400,0.431,0.662,"Horvitz-Thompson"
401,0.435,0.662,"Horvitz-Thompson"
402,0.43,0.66,"Horvitz-Thompson"
403,0.429,0.66,"Horvitz-Thompson"
404,0.431,0.658,"Horvitz-Thompson"
405,0.43,0.655,"Horvitz-Thompson"
406,0.434,0.661,"Horvitz-Thompson"
407,0.436,0.663,"Horvitz-Thompson"
408,0.438,0.663,"Horvitz-Thompson"
409,0.435,0.66,"Horvitz-Thompson"
410,0.431,0.654,"Horvitz-Thompson"
411,0.436,0.659,"Horvitz-Thompson"
412,0.433,0.661,"Horvitz-Thompson"
413,0.441,0.671,"Horvitz-Thompson"
414,0.439,0.667,"Horvitz-Thompson"
415,0.437,0.667,"Horvitz-Thompson"
416,0.436,0.66,"Horvitz-Thompson"
417,0.432,0.66,"Horvitz-Thompson"
418,0.425,0.659,"Horvitz-Thompson"
419,0.428,0.661,"Horvitz-Thompson"
420,0.426,0.658,"Horvitz-Thompson"
421,0.432,0.658,"Horvitz-Thompson"
422,0.435,0.656,"Horvitz-Thompson"
423,0.431,0.654,"Horvitz-Thompson"
424,0.43,0.66,"Horvitz-Thompson"
425,0.428,0.655,"Horvitz-Thompson"
426,0.428,0.652,"Horvitz-Thompson"
427,0.428,0.652,"Horvitz-Thompson"
428,0.43,0.654,"Horvitz-Thompson"
429,0.434,0.657,"Horvitz-Thompson"
430,0.434,0.655,"Horvitz-Thompson"
431,0.438,0.656,"Horvitz-Thompson"
432,0.44,0.663,"Horvitz-Thompson"
433,0.437,0.661,"Horvitz-Thompson"
434,0.435,0.659,"Horvitz-Thompson"
435,0.437,0.663,"Horvitz-Thompson"
436,0.436,0.664,"Horvitz-Thompson"
437,0.437,0.663,"Horvitz-Thompson"
438,0.432,0.661,"Horvitz-Thompson"
439,0.436,0.666,"Horvitz-Thompson"
440,0.441,0.669,"Horvitz-Thompson"
441,0.444,0.666,"Horvitz-Thompson"
442,0.443,0.665,"Horvitz-Thompson"
443,0.438,0.659,"Horvitz-Thompson"
444,0.442,0.664,"Horvitz-Thompson"
445,0.451,0.664,"Horvitz-Thompson"
446,0.453,0.667,"Horvitz-Thompson"
447,0.451,0.668,"Horvitz-Thompson"
448,0.452,0.67,"Horvitz-Thompson"
449,0.447,0.664,"Horvitz-Thompson"
450,0.45,0.665,"Horvitz-Thompson"
451,0.45,0.663,"Horvitz-Thompson"
452,0.45,0.661,"Horvitz-Thompson"
453,0.449,0.665,"Horvitz-Thompson"
454,0.447,0.664,"Horvitz-Thompson"
455,0.45,0.664,"Horvitz-Thompson"
456,0.451,0.665,"Horvitz-Thompson"
457,0.449,0.665,"Horvitz-Thompson"
458,0.451,0.666,"Horvitz-Thompson"
459,0.45,0.666,"Horvitz-Thompson"
460,0.452,0.669,"Horvitz-Thompson"
461,0.448,0.669,"Horvitz-Thompson"
462,0.455,0.671,"Horvitz-Thompson"
463,0.451,0.668,"Horvitz-Thompson"
464,0.448,0.667,"Horvitz-Thompson"
465,0.455,0.67,"Horvitz-Thompson"
466,0.458,0.673,"Horvitz-Thompson"
467,0.453,0.673,"Horvitz-Thompson"
468,0.452,0.671,"Horvitz-Thompson"
469,0.452,0.67,"Horvitz-Thompson"
470,0.453,0.668,"Horvitz-Thompson"
471,0.449,0.667,"Horvitz-Thompson"
472,0.459,0.67,"Horvitz-Thompson"
473,0.46,0.671,"Horvitz-Thompson"
474,0.461,0.67,"Horvitz-Thompson"
475,0.456,0.667,"Horvitz-Thompson"
476,0.459,0.67,"Horvitz-Thompson"
477,0.456,0.664,"Horvitz-Thompson"
478,0.455,0.668,"Horvitz-Thompson"
479,0.448,0.665,"Horvitz-Thompson"
480,0.448,0.658,"Horvitz-Thompson"
481,0.447,0.662,"Horvitz-Thompson"
482,0.445,0.663,"Horvitz-Thompson"
483,0.447,0.662,"Horvitz-Thompson"
484,0.442,0.657,"Horvitz-Thompson"
485,0.446,0.658,"Horvitz-Thompson"
486,0.447,0.657,"Horvitz-Thompson"
487,0.444,0.658,"Horvitz-Thompson"
488,0.447,0.662,"Horvitz-Thompson"
489,0.452,0.658,"Horvitz-Thompson"
490,0.451,0.655,"Horvitz-Thompson"
491,0.449,0.657,"Horvitz-Thompson"
492,0.456,0.662,"Horvitz-Thompson"
493,0.46,0.665,"Horvitz-Thompson"
494,0.454,0.658,"Horvitz-Thompson"
495,0.454,0.656,"Horvitz-Thompson"
496,0.456,0.658,"Horvitz-Thompson"
497,0.461,0.662,"Horvitz-Thompson"
498,0.459,0.66,"Horvitz-Thompson"
499,0.456,0.659,"Horvitz-Thompson"
500,0.454,0.661,"Horvitz-Thompson"
501,0.459,0.669,"Horvitz-Thompson"
502,0.461,0.669,"Horvitz-Thompson"
503,0.461,0.671,"Horvitz-Thompson"
504,0.466,0.675,"Horvitz-Thompson"
505,0.456,0.666,"Horvitz-Thompson"
506,0.453,0.666,"Horvitz-Thompson"
507,0.454,0.663,"Horvitz-Thompson"
508,0.454,0.66,"Horvitz-Thompson"
509,0.458,0.662,"Horvitz-Thompson"
510,0.457,0.665,"Horvitz-Thompson"
511,0.456,0.664,"Horvitz-Thompson"
512,0.461,0.665,"Horvitz-Thompson"
513,0.464,0.67,"Horvitz-Thompson"
514,0.455,0.661,"Horvitz-Thompson"
515,0.459,0.664,"Horvitz-Thompson"
516,0.462,0.666,"Horvitz-Thompson"
517,0.46,0.669,"Horvitz-Thompson"
518,0.466,0.674,"Horvitz-Thompson"
519,0.469,0.676,"Horvitz-Thompson"
520,0.472,0.676,"Horvitz-Thompson"
521,0.472,0.676,"Horvitz-Thompson"
522,0.472,0.673,"Horvitz-Thompson"
523,0.461,0.664,"Horvitz-Thompson"
524,0.462,0.666,"Horvitz-Thompson"
525,0.463,0.667,"Horvitz-Thompson"
526,0.467,0.669,"Horvitz-Thompson"
527,0.47,0.673,"Horvitz-Thompson"
528,0.468,0.671,"Horvitz-Thompson"
529,0.471,0.671,"Horvitz-Thompson"
530,0.472,0.673,"Horvitz-Thompson"
531,0.471,0.67,"Horvitz-Thompson"
532,0.474,0.672,"Horvitz-Thompson"
533,0.469,0.671,"Horvitz-Thompson"
534,0.466,0.669,"Horvitz-Thompson"
535,0.463,0.668,"Horvitz-Thompson"
536,0.464,0.674,"Horvitz-Thompson"
537,0.467,0.673,"Horvitz-Thompson"
538,0.467,0.671,"Horvitz-Thompson"
539,0.474,0.679,"Horvitz-Thompson"
540,0.465,0.671,"Horvitz-Thompson"
541,0.467,0.671,"Horvitz-Thompson"
542,0.469,0.669,"Horvitz-Thompson"
543,0.473,0.669,"Horvitz-Thompson"
544,0.472,0.671,"Horvitz-Thompson"
545,0.473,0.674,"Horvitz-Thompson"
546,0.469,0.676,"Horvitz-Thompson"
547,0.47,0.675,"Horvitz-Thompson"
548,0.47,0.671,"Horvitz-Thompson"
549,0.472,0.676,"Horvitz-Thompson"
550,0.469,0.674,"Horvitz-Thompson"
551,0.472,0.675,"Horvitz-Thompson"
552,0.474,0.675,"Horvitz-Thompson"
553,0.476,0.676,"Horvitz-Thompson"
554,0.475,0.677,"Horvitz-Thompson"
555,0.473,0.673,"Horvitz-Thompson"
556,0.471,0.67,"Horvitz-Thompson"
557,0.468,0.667,"Horvitz-Thompson"
558,0.471,0.671,"Horvitz-Thompson"
559,0.474,0.672,"Horvitz-Thompson"
560,0.475,0.672,"Horvitz-Thompson"
561,0.472,0.67,"Horvitz-Thompson"
562,0.465,0.666,"Horvitz-Thompson"
563,0.468,0.668,"Horvitz-Thompson"
564,0.469,0.665,"Horvitz-Thompson"
565,0.468,0.667,"Horvitz-Thompson"
566,0.475,0.672,"Horvitz-Thompson"
567,0.466,0.67,"Horvitz-Thompson"
568,0.464,0.668,"Horvitz-Thompson"
569,0.465,0.667,"Horvitz-Thompson"
570,0.467,0.669,"Horvitz-Thompson"
571,0.468,0.667,"Horvitz-Thompson"
572,0.468,0.667,"Horvitz-Thompson"
573,0.465,0.666,"Horvitz-Thompson"
574,0.464,0.666,"Horvitz-Thompson"
575,0.468,0.67,"Horvitz-Thompson"
576,0.474,0.67,"Horvitz-Thompson"
577,0.475,0.673,"Horvitz-Thompson"
578,0.479,0.676,"Horvitz-Thompson"
579,0.476,0.677,"Horvitz-Thompson"
580,0.474,0.671,"Horvitz-Thompson"
581,0.474,0.673,"Horvitz-Thompson"
582,0.471,0.675,"Horvitz-Thompson"
583,0.469,0.672,"Horvitz-Thompson"
584,0.464,0.667,"Horvitz-Thompson"
585,0.463,0.667,"Horvitz-Thompson"
586,0.461,0.664,"Horvitz-Thompson"
587,0.467,0.667,"Horvitz-Thompson"
588,0.471,0.672,"Horvitz-Thompson"
589,0.475,0.674,"Horvitz-Thompson"
590,0.475,0.676,"Horvitz-Thompson"
591,0.476,0.679,"Horvitz-Thompson"
592,0.478,0.677,"Horvitz-Thompson"
593,0.476,0.675,"Horvitz-Thompson"
594,0.476,0.673,"Horvitz-Thompson"
595,0.478,0.674,"Horvitz-Thompson"
596,0.48,0.675,"Horvitz-Thompson"
597,0.479,0.675,"Horvitz-Thompson"
598,0.48,0.68,"Horvitz-Thompson"
599,0.484,0.68,"Horvitz-Thompson"
600,0.486,0.683,"Horvitz-Thompson"
601,0.484,0.686,"Horvitz-Thompson"
602,0.479,0.685,"Horvitz-Thompson"
603,0.485,0.692,"Horvitz-Thompson"
604,0.489,0.69,"Horvitz-Thompson"
605,0.487,0.69,"Horvitz-Thompson"
606,0.493,0.693,"Horvitz-Thompson"
607,0.492,0.692,"Horvitz-Thompson"
608,0.496,0.694,"Horvitz-Thompson"
609,0.492,0.692,"Horvitz-Thompson"
610,0.494,0.694,"Horvitz-Thompson"
611,0.495,0.693,"Horvitz-Thompson"
612,0.488,0.687,"Horvitz-Thompson"
613,0.49,0.69,"Horvitz-Thompson"
614,0.486,0.691,"Horvitz-Thompson"
615,0.488,0.692,"Horvitz-Thompson"
616,0.49,0.696,"Horvitz-Thompson"
617,0.49,0.693,"Horvitz-Thompson"
618,0.489,0.691,"Horvitz-Thompson"
619,0.491,0.689,"Horvitz-Thompson"
620,0.491,0.69,"Horvitz-Thompson"
621,0.485,0.687,"Horvitz-Thompson"
622,0.484,0.685,"Horvitz-Thompson"
623,0.481,0.678,"Horvitz-Thompson"
624,0.482,0.68,"Horvitz-Thompson"
625,0.479,0.679,"Horvitz-Thompson"
626,0.477,0.677,"Horvitz-Thompson"
627,0.479,0.677,"Horvitz-Thompson"
628,0.477,0.676,"Horvitz-Thompson"
629,0.478,0.677,"Horvitz-Thompson"
630,0.478,0.677,"Horvitz-Thompson"
631,0.483,0.681,"Horvitz-Thompson"
632,0.483,0.682,"Horvitz-Thompson"
633,0.482,0.683,"Horvitz-Thompson"
634,0.483,0.685,"Horvitz-Thompson"
635,0.479,0.681,"Horvitz-Thompson"
636,0.485,0.684,"Horvitz-Thompson"
637,0.485,0.681,"Horvitz-Thompson"
638,0.484,0.681,"Horvitz-Thompson"
639,0.479,0.68,"Horvitz-Thompson"
640,0.488,0.688,"Horvitz-Thompson"
641,0.488,0.689,"Horvitz-Thompson"
642,0.486,0.688,"Horvitz-Thompson"
643,0.486,0.69,"Horvitz-Thompson"
644,0.488,0.691,"Horvitz-Thompson"
645,0.489,0.694,"Horvitz-Thompson"
646,0.488,0.693,"Horvitz-Thompson"
647,0.486,0.69,"Horvitz-Thompson"
648,0.487,0.691,"Horvitz-Thompson"
649,0.483,0.691,"Horvitz-Thompson"
650,0.487,0.693,"Horvitz-Thompson"
651,0.489,0.694,"Horvitz-Thompson"
652,0.489,0.695,"Horvitz-Thompson"
653,0.485,0.694,"Horvitz-Thompson"
654,0.492,0.699,"Horvitz-Thompson"
655,0.496,0.698,"Horvitz-Thompson"
656,0.497,0.7,"Horvitz-Thompson"
657,0.494,0.698,"Horvitz-Thompson"
658,0.49,0.693,"Horvitz-Thompson"
659,0.495,0.696,"Horvitz-Thompson"
660,0.495,0.7,"Horvitz-Thompson"
661,0.495,0.696,"Horvitz-Thompson"
662,0.492,0.697,"Horvitz-Thompson"
663,0.489,0.691,"Horvitz-Thompson"
664,0.498,0.692,"Horvitz-Thompson"
665,0.496,0.692,"Horvitz-Thompson"
666,0.493,0.692,"Horvitz-Thompson"
667,0.493,0.691,"Horvitz-Thompson"
668,0.49,0.688,"Horvitz-Thompson"
669,0.495,0.688,"Horvitz-Thompson"
670,0.493,0.685,"Horvitz-Thompson"
671,0.492,0.686,"Horvitz-Thompson"
672,0.499,0.688,"Horvitz-Thompson"
673,0.499,0.692,"Horvitz-Thompson"
674,0.503,0.693,"Horvitz-Thompson"
675,0.509,0.697,"Horvitz-Thompson"
676,0.504,0.696,"Horvitz-Thompson"
677,0.505,0.7,"Horvitz-Thompson"
678,0.512,0.708,"Horvitz-Thompson"
679,0.51,0.705,"Horvitz-Thompson"
680,0.515,0.708,"Horvitz-Thompson"
681,0.516,0.709,"Horvitz-Thompson"
682,0.517,0.71,"Horvitz-Thompson"
683,0.519,0.709,"Horvitz-Thompson"
684,0.513,0.705,"Horvitz-Thompson"
685,0.518,0.708,"Horvitz-Thompson"
686,0.522,0.711,"Horvitz-Thompson"
687,0.524,0.709,"Horvitz-Thompson"
688,0.524,0.708,"Horvitz-Thompson"
689,0.524,0.708,"Horvitz-Thompson"
690,0.523,0.709,"Horvitz-Thompson"
691,0.522,0.704,"Horvitz-Thompson"
692,0.522,0.705,"Horvitz-Thompson"
693,0.52,0.709,"Horvitz-Thompson"
694,0.514,0.703,"Horvitz-Thompson"
695,0.522,0.71,"Horvitz-Thompson"
696,0.52,0.71,"Horvitz-Thompson"
697,0.517,0.708,"Horvitz-Thompson"
698,0.518,0.704,"Horvitz-Thompson"
699,0.517,0.701,"Horvitz-Thompson"
700,0.52,0.705,"Horvitz-Thompson"
701,0.521,0.704,"Horvitz-Thompson"
702,0.523,0.706,"Horvitz-Thompson"
703,0.524,0.706,"Horvitz-Thompson"
704,0.527,0.705,"Horvitz-Thompson"
705,0.529,0.707,"Horvitz-Thompson"
706,0.526,0.702,"Horvitz-Thompson"
707,0.528,0.702,"Horvitz-Thompson"
708,0.528,0.705,"Horvitz-Thompson"
709,0.526,0.705,"Horvitz-Thompson"
710,0.532,0.712,"Horvitz-Thompson"
711,0.533,0.714,"Horvitz-Thompson"
712,0.537,0.716,"Horvitz-Thompson"
713,0.533,0.714,"Horvitz-Thompson"
714,0.528,0.71,"Horvitz-Thompson"
715,0.526,0.709,"Horvitz-Thompson"
716,0.528,0.711,"Horvitz-Thompson"
717,0.527,0.709,"Horvitz-Thompson"
718,0.527,0.708,"Horvitz-Thompson"
719,0.525,0.706,"Horvitz-Thompson"
720,0.524,0.705,"Horvitz-Thompson"
721,0.521,0.704,"Horvitz-Thompson"
722,0.522,0.706,"Horvitz-Thompson"
723,0.522,0.706,"Horvitz-Thompson"
724,0.522,0.707,"Horvitz-Thompson"
725,0.527,0.707,"Horvitz-Thompson"
726,0.531,0.709,"Horvitz-Thompson"
727,0.534,0.711,"Horvitz-Thompson"
728,0.532,0.712,"Horvitz-Thompson"
729,0.532,0.714,"Horvitz-Thompson"
730,0.531,0.712,"Horvitz-Thompson"
731,0.531,0.71,"Horvitz-Thompson"
732,0.529,0.708,"Horvitz-Thompson"
733,0.532,0.715,"Horvitz-Thompson"
734,0.531,0.718,"Horvitz-Thompson"
735,0.527,0.716,"Horvitz-Thompson"
736,0.529,0.717,"Horvitz-Thompson"
737,0.529,0.716,"Horvitz-Thompson"
738,0.53,0.718,"Horvitz-Thompson"
739,0.534,0.719,"Horvitz-Thompson"
740,0.539,0.718,"Horvitz-Thompson"
741,0.537,0.717,"Horvitz-Thompson"
742,0.536,0.716,"Horvitz-Thompson"
743,0.533,0.717,"Horvitz-Thompson"
744,0.537,0.719,"Horvitz-Thompson"
745,0.535,0.718,"Horvitz-Thompson"
746,0.537,0.717,"Horvitz-Thompson"
747,0.534,0.715,"Horvitz-Thompson"
748,0.532,0.714,"Horvitz-Thompson"
749,0.533,0.712,"Horvitz-Thompson"
750,0.531,0.716,"Horvitz-Thompson"
751,0.535,0.717,"Horvitz-Thompson"
752,0.539,0.721,"Horvitz-Thompson"
753,0.541,0.723,"Horvitz-Thompson"
754,0.537,0.723,"Horvitz-Thompson"
755,0.535,0.72,"Horvitz-Thompson"
756,0.532,0.717,"Horvitz-Thompson"
757,0.532,0.714,"Horvitz-Thompson"
758,0.536,0.714,"Horvitz-Thompson"
759,0.538,0.717,"Horvitz-Thompson"
760,0.537,0.715,"Horvitz-Thompson"
761,0.533,0.714,"Horvitz-Thompson"
762,0.536,0.716,"Horvitz-Thompson"
763,0.538,0.718,"Horvitz-Thompson"
764,0.539,0.72,"Horvitz-Thompson"
765,0.534,0.714,"Horvitz-Thompson"
766,0.532,0.714,"Horvitz-Thompson"
767,0.534,0.713,"Horvitz-Thompson"
768,0.538,0.714,"Horvitz-Thompson"
769,0.536,0.714,"Horvitz-Thompson"
770,0.533,0.712,"Horvitz-Thompson"
771,0.532,0.712,"Horvitz-Thompson"
772,0.533,0.715,"Horvitz-Thompson"
773,0.531,0.714,"Horvitz-Thompson"
774,0.533,0.716,"Horvitz-Thompson"
775,0.533,0.715,"Horvitz-Thompson"
776,0.533,0.716,"Horvitz-Thompson"
777,0.53,0.713,"Horvitz-Thompson"
778,0.529,0.711,"Horvitz-Thompson"
779,0.526,0.715,"Horvitz-Thompson"
780,0.529,0.716,"Horvitz-Thompson"
781,0.528,0.715,"Horvitz-Thompson"
782,0.527,0.713,"Horvitz-Thompson"
783,0.527,0.715,"Horvitz-Thompson"
784,0.532,0.715,"Horvitz-Thompson"
785,0.532,0.717,"Horvitz-Thompson"
786,0.534,0.717,"Horvitz-Thompson"
787,0.538,0.717,"Horvitz-Thompson"
788,0.533,0.714,"Horvitz-Thompson"
789,0.539,0.72,"Horvitz-Thompson"
790,0.531,0.715,"Horvitz-Thompson"
791,0.529,0.714,"Horvitz-Thompson"
792,0.528,0.714,"Horvitz-Thompson"
793,0.53,0.714,"Horvitz-Thompson"
794,0.532,0.712,"Horvitz-Thompson"
795,0.537,0.717,"Horvitz-Thompson"
796,0.532,0.713,"Horvitz-Thompson"
797,0.532,0.715,"Horvitz-Thompson"
798,0.532,0.716,"Horvitz-Thompson"
799,0.531,0.715,"Horvitz-Thompson"
800,0.534,0.719,"Horvitz-Thompson"
801,0.533,0.719,"Horvitz-Thompson"
802,0.53,0.716,"Horvitz-Thompson"
803,0.528,0.716,"Horvitz-Thompson"
804,0.529,0.719,"Horvitz-Thompson"
805,0.532,0.717,"Horvitz-Thompson"
806,0.532,0.719,"Horvitz-Thompson"
807,0.534,0.719,"Horvitz-Thompson"
808,0.535,0.719,"Horvitz-Thompson"
809,0.53,0.715,"Horvitz-Thompson"
810,0.527,0.713,"Horvitz-Thompson"
811,0.527,0.713,"Horvitz-Thompson"
812,0.53,0.711,"Horvitz-Thompson"
813,0.535,0.714,"Horvitz-Thompson"
814,0.538,0.716,"Horvitz-Thompson"
815,0.537,0.716,"Horvitz-Thompson"
816,0.535,0.714,"Horvitz-Thompson"
817,0.531,0.708,"Horvitz-Thompson"
818,0.535,0.71,"Horvitz-Thompson"
819,0.53,0.71,"Horvitz-Thompson"
820,0.53,0.71,"Horvitz-Thompson"
821,0.532,0.713,"Horvitz-Thompson"
822,0.53,0.712,"Horvitz-Thompson"
823,0.53,0.712,"Horvitz-Thompson"
824,0.531,0.71,"Horvitz-Thompson"
825,0.526,0.71,"Horvitz-Thompson"
826,0.531,0.713,"Horvitz-Thompson"
827,0.529,0.711,"Horvitz-Thompson"
828,0.529,0.714,"Horvitz-Thompson"
829,0.529,0.713,"Horvitz-Thompson"
830,0.527,0.715,"Horvitz-Thompson"
831,0.531,0.715,"Horvitz-Thompson"
832,0.526,0.716,"Horvitz-Thompson"
833,0.524,0.714,"Horvitz-Thompson"
834,0.527,0.714,"Horvitz-Thompson"
835,0.526,0.715,"Horvitz-Thompson"
836,0.526,0.715,"Horvitz-Thompson"
837,0.527,0.717,"Horvitz-Thompson"
838,0.531,0.722,"Horvitz-Thompson"
839,0.525,0.72,"Horvitz-Thompson"
840,0.529,0.721,"Horvitz-Thompson"
841,0.531,0.722,"Horvitz-Thompson"
842,0.534,0.725,"Horvitz-Thompson"
843,0.539,0.724,"Horvitz-Thompson"
844,0.54,0.721,"Horvitz-Thompson"
845,0.531,0.718,"Horvitz-Thompson"
846,0.536,0.721,"Horvitz-Thompson"
847,0.541,0.724,"Horvitz-Thompson"
848,0.546,0.724,"Horvitz-Thompson"
849,0.543,0.721,"Horvitz-Thompson"
850,0.539,0.72,"Horvitz-Thompson"
851,0.536,0.72,"Horvitz-Thompson"
852,0.537,0.721,"Horvitz-Thompson"
853,0.536,0.719,"Horvitz-Thompson"
854,0.536,0.722,"Horvitz-Thompson"
855,0.535,0.719,"Horvitz-Thompson"
856,0.538,0.718,"Horvitz-Thompson"
857,0.535,0.716,"Horvitz-Thompson"
858,0.538,0.718,"Horvitz-Thompson"
859,0.543,0.723,"Horvitz-Thompson"
860,0.542,0.725,"Horvitz-Thompson"
861,0.544,0.726,"Horvitz-Thompson"
862,0.546,0.727,"Horvitz-Thompson"
863,0.546,0.73,"Horvitz-Thompson"
864,0.544,0.729,"Horvitz-Thompson"
865,0.541,0.727,"Horvitz-Thompson"
866,0.545,0.731,"Horvitz-Thompson"
867,0.544,0.73,"Horvitz-Thompson"
868,0.544,0.731,"Horvitz-Thompson"
869,0.54,0.726,"Horvitz-Thompson"
870,0.54,0.727,"Horvitz-Thompson"
871,0.542,0.729,"Horvitz-Thompson"
872,0.54,0.73,"Horvitz-Thompson"
873,0.538,0.731,"Horvitz-Thompson"
874,0.54,0.732,"Horvitz-Thompson"
875,0.539,0.731,"Horvitz-Thompson"
876,0.544,0.733,"Horvitz-Thompson"
877,0.542,0.73,"Horvitz-Thompson"
878,0.542,0.727,"Horvitz-Thompson"
879,0.544,0.729,"Horvitz-Thompson"
880,0.541,0.726,"Horvitz-Thompson"
881,0.544,0.728,"Horvitz-Thompson"
882,0.546,0.729,"Horvitz-Thompson"
883,0.545,0.729,"Horvitz-Thompson"
884,0.548,0.732,"Horvitz-Thompson"
885,0.548,0.732,"Horvitz-Thompson"
886,0.55,0.735,"Horvitz-Thompson"
887,0.55,0.734,"Horvitz-Thompson"
888,0.552,0.736,"Horvitz-Thompson"
889,0.554,0.733,"Horvitz-Thompson"
890,0.556,0.736,"Horvitz-Thompson"
891,0.553,0.734,"Horvitz-Thompson"
892,0.552,0.734,"Horvitz-Thompson"
893,0.557,0.737,"Horvitz-Thompson"
894,0.559,0.738,"Horvitz-Thompson"
895,0.557,0.735,"Horvitz-Thompson"
896,0.553,0.729,"Horvitz-Thompson"
897,0.553,0.73,"Horvitz-Thompson"
898,0.555,0.731,"Horvitz-Thompson"
899,0.558,0.731,"Horvitz-Thompson"
900,0.555,0.727,"Horvitz-Thompson"
901,0.555,0.729,"Horvitz-Thompson"
902,0.559,0.73,"Horvitz-Thompson"
903,0.551,0.726,"Horvitz-Thompson"
904,0.555,0.73,"Horvitz-Thompson"
905,0.552,0.73,"Horvitz-Thompson"
906,0.555,0.733,"Horvitz-Thompson"
907,0.549,0.732,"Horvitz-Thompson"
908,0.548,0.731,"Horvitz-Thompson"
909,0.548,0.731,"Horvitz-Thompson"
910,0.549,0.733,"Horvitz-Thompson"
911,0.546,0.731,"Horvitz-Thompson"
912,0.549,0.732,"Horvitz-Thompson"
913,0.548,0.728,"Horvitz-Thompson"
914,0.545,0.725,"Horvitz-Thompson"
915,0.548,0.724,"Horvitz-Thompson"
916,0.545,0.722,"Horvitz-Thompson"
917,0.549,0.724,"Horvitz-Thompson"
918,0.548,0.723,"Horvitz-Thompson"
919,0.548,0.721,"Horvitz-Thompson"
920,0.549,0.725,"Horvitz-Thompson"
921,0.55,0.724,"Horvitz-Thompson"
922,0.551,0.724,"Horvitz-Thompson"
923,0.551,0.723,"Horvitz-Thompson"
924,0.551,0.723,"Horvitz-Thompson"
925,0.552,0.723,"Horvitz-Thompson"
926,0.556,0.727,"Horvitz-Thompson"
927,0.557,0.729,"Horvitz-Thompson"
928,0.557,0.727,"Horvitz-Thompson"
929,0.555,0.728,"Horvitz-Thompson"
930,0.556,0.729,"Horvitz-Thompson"
931,0.552,0.726,"Horvitz-Thompson"
932,0.553,0.729,"Horvitz-Thompson"
933,0.552,0.727,"Horvitz-Thompson"
934,0.552,0.728,"Horvitz-Thompson"
935,0.551,0.728,"Horvitz-Thompson"
936,0.552,0.729,"Horvitz-Thompson"
937,0.548,0.729,"Horvitz-Thompson"
938,0.547,0.732,"Horvitz-Thompson"
939,0.547,0.731,"Horvitz-Thompson"
940,0.553,0.735,"Horvitz-Thompson"
941,0.555,0.738,"Horvitz-Thompson"
942,0.551,0.736,"Horvitz-Thompson"
943,0.549,0.736,"Horvitz-Thompson"
944,0.548,0.735,"Horvitz-Thompson"
945,0.546,0.734,"Horvitz-Thompson"
946,0.546,0.733,"Horvitz-Thompson"
947,0.553,0.737,"Horvitz-Thompson"
948,0.559,0.741,"Horvitz-Thompson"
949,0.558,0.74,"Horvitz-Thompson"
950,0.555,0.737,"Horvitz-Thompson"
951,0.555,0.739,"Horvitz-Thompson"
952,0.558,0.74,"Horvitz-Thompson"
953,0.558,0.737,"Horvitz-Thompson"
954,0.558,0.733,"Horvitz-Thompson"
955,0.556,0.73,"Horvitz-Thompson"
956,0.554,0.73,"Horvitz-Thompson"
957,0.556,0.729,"Horvitz-Thompson"
958,0.557,0.729,"Horvitz-Thompson"
959,0.558,0.728,"Horvitz-Thompson"
960,0.556,0.726,"Horvitz-Thompson"
961,0.555,0.724,"Horvitz-Thompson"
962,0.556,0.725,"Horvitz-Thompson"
963,0.556,0.724,"Horvitz-Thompson"
964,0.559,0.726,"Horvitz-Thompson"
965,0.555,0.725,"Horvitz-Thompson"
966,0.554,0.725,"Horvitz-Thompson"
967,0.555,0.724,"Horvitz-Thompson"
968,0.553,0.72,"Horvitz-Thompson"
969,0.557,0.726,"Horvitz-Thompson"
970,0.557,0.73,"Horvitz-Thompson"
971,0.557,0.73,"Horvitz-Thompson"
972,0.56,0.732,"Horvitz-Thompson"
973,0.561,0.733,"Horvitz-Thompson"
974,0.563,0.732,"Horvitz-Thompson"
975,0.565,0.733,"Horvitz-Thompson"
976,0.565,0.732,"Horvitz-Thompson"
977,0.564,0.732,"Horvitz-Thompson"
978,0.566,0.732,"Horvitz-Thompson"
979,0.565,0.734,"Horvitz-Thompson"
980,0.564,0.731,"Horvitz-Thompson"
981,0.562,0.73,"Horvitz-Thompson"
982,0.565,0.733,"Horvitz-Thompson"
983,0.564,0.736,"Horvitz-Thompson"
984,0.562,0.735,"Horvitz-Thompson"
985,0.564,0.736,"Horvitz-Thompson"
986,0.566,0.741,"Horvitz-Thompson"
987,0.565,0.738,"Horvitz-Thompson"
988,0.566,0.735,"Horvitz-Thompson"
989,0.565,0.738,"Horvitz-Thompson"
990,0.57,0.739,"Horvitz-Thompson"
991,0.563,0.736,"Horvitz-Thompson"
992,0.563,0.735,"Horvitz-Thompson"
993,0.567,0.735,"Horvitz-Thompson"
994,0.567,0.737,"Horvitz-Thompson"
995,0.564,0.734,"Horvitz-Thompson"
996,0.567,0.734,"Horvitz-Thompson"
997,0.563,0.729,"Horvitz-Thompson"
998,0.565,0.729,"Horvitz-Thompson"
999,0.571,0.732,"Horvitz-Thompson"
1000,0.571,0.732,"Horvitz-Thompson"
1,0.262,0.496,"Hajek"
2,0.184,0.399,"Hajek"
3,0.195,0.4,"Hajek"
4,0.167,0.368,"Hajek"
5,0.168,0.372,"Hajek"
6,0.169,0.37,"Hajek"
7,0.174,0.383,"Hajek"
8,0.177,0.401,"Hajek"
9,0.191,0.415,"Hajek"
10,0.196,0.428,"Hajek"
11,0.204,0.427,"Hajek"
12,0.223,0.445,"Hajek"
13,0.223,0.446,"Hajek"
14,0.242,0.464,"Hajek"
15,0.237,0.469,"Hajek"
16,0.243,0.489,"Hajek"
17,0.245,0.49,"Hajek"
18,0.258,0.497,"Hajek"
19,0.265,0.512,"Hajek"
20,0.258,0.506,"Hajek"
21,0.267,0.503,"Hajek"
22,0.271,0.511,"Hajek"
23,0.273,0.52,"Hajek"
24,0.259,0.515,"Hajek"
25,0.275,0.52,"Hajek"
26,0.277,0.528,"Hajek"
27,0.29,0.538,"Hajek"
28,0.275,0.531,"Hajek"
29,0.281,0.539,"Hajek"
30,0.298,0.552,"Hajek"
31,0.297,0.541,"Hajek"
32,0.308,0.547,"Hajek"
33,0.312,0.56,"Hajek"
34,0.316,0.557,"Hajek"
35,0.318,0.556,"Hajek"
36,0.313,0.553,"Hajek"
37,0.325,0.551,"Hajek"
38,0.325,0.544,"Hajek"
39,0.329,0.546,"Hajek"
40,0.33,0.55,"Hajek"
41,0.333,0.546,"Hajek"
42,0.333,0.554,"Hajek"
43,0.337,0.562,"Hajek"
44,0.334,0.559,"Hajek"
45,0.34,0.564,"Hajek"
46,0.333,0.573,"Hajek"
47,0.339,0.577,"Hajek"
48,0.339,0.578,"Hajek"
49,0.343,0.561,"Hajek"
50,0.344,0.572,"Hajek"
51,0.343,0.573,"Hajek"
52,0.352,0.578,"Hajek"
53,0.346,0.569,"Hajek"
54,0.347,0.57,"Hajek"
55,0.346,0.568,"Hajek"
56,0.353,0.575,"Hajek"
57,0.347,0.578,"Hajek"
58,0.354,0.575,"Hajek"
59,0.358,0.574,"Hajek"
60,0.363,0.581,"Hajek"
61,0.373,0.594,"Hajek"
62,0.37,0.593,"Hajek"
63,0.365,0.581,"Hajek"
64,0.369,0.581,"Hajek"
65,0.374,0.586,"Hajek"
66,0.371,0.586,"Hajek"
67,0.377,0.592,"Hajek"
68,0.375,0.6,"Hajek"
69,0.382,0.604,"Hajek"
70,0.382,0.601,"Hajek"
71,0.383,0.593,"Hajek"
72,0.388,0.596,"Hajek"
73,0.377,0.595,"Hajek"
74,0.383,0.6,"Hajek"
75,0.388,0.601,"Hajek"
76,0.389,0.6,"Hajek"
77,0.396,0.601,"Hajek"
78,0.396,0.607,"Hajek"
79,0.394,0.608,"Hajek"
80,0.398,0.607,"Hajek"
81,0.401,0.607,"Hajek"
82,0.397,0.603,"Hajek"
83,0.393,0.61,"Hajek"
84,0.393,0.611,"Hajek"
85,0.396,0.61,"Hajek"
86,0.392,0.608,"Hajek"
87,0.397,0.605,"Hajek"
88,0.407,0.612,"Hajek"
89,0.403,0.611,"Hajek"
90,0.415,0.622,"Hajek"
91,0.405,0.621,"Hajek"
92,0.412,0.627,"Hajek"
93,0.405,0.625,"Hajek"
94,0.405,0.617,"Hajek"
95,0.409,0.616,"Hajek"
96,0.402,0.618,"Hajek"
97,0.407,0.619,"Hajek"
98,0.398,0.617,"Hajek"
99,0.395,0.613,"Hajek"
100,0.395,0.614,"Hajek"
101,0.401,0.614,"Hajek"
102,0.412,0.616,"Hajek"
103,0.42,0.627,"Hajek"
104,0.424,0.631,"Hajek"
105,0.418,0.628,"Hajek"
106,0.415,0.625,"Hajek"
107,0.421,0.629,"Hajek"
108,0.417,0.636,"Hajek"
109,0.423,0.641,"Hajek"
110,0.429,0.639,"Hajek"
111,0.424,0.638,"Hajek"
112,0.421,0.63,"Hajek"
113,0.428,0.638,"Hajek"
114,0.428,0.636,"Hajek"
115,0.434,0.637,"Hajek"
116,0.434,0.641,"Hajek"
117,0.426,0.637,"Hajek"
118,0.419,0.634,"Hajek"
119,0.425,0.642,"Hajek"
120,0.431,0.641,"Hajek"
121,0.423,0.64,"Hajek"
122,0.44,0.647,"Hajek"
123,0.433,0.641,"Hajek"
124,0.431,0.637,"Hajek"
125,0.429,0.638,"Hajek"
126,0.433,0.645,"Hajek"
127,0.443,0.656,"Hajek"
128,0.451,0.661,"Hajek"
129,0.45,0.657,"Hajek"
130,0.451,0.669,"Hajek"
131,0.448,0.659,"Hajek"
132,0.447,0.659,"Hajek"
133,0.453,0.663,"Hajek"
134,0.451,0.665,"Hajek"
135,0.453,0.665,"Hajek"
136,0.452,0.669,"Hajek"
137,0.454,0.666,"Hajek"
138,0.468,0.677,"Hajek"
139,0.467,0.678,"Hajek"
140,0.458,0.67,"Hajek"
141,0.475,0.678,"Hajek"
142,0.473,0.679,"Hajek"
143,0.472,0.673,"Hajek"
144,0.466,0.672,"Hajek"
145,0.465,0.685,"Hajek"
146,0.467,0.675,"Hajek"
147,0.466,0.676,"Hajek"
148,0.469,0.68,"Hajek"
149,0.464,0.679,"Hajek"
150,0.464,0.68,"Hajek"
151,0.468,0.681,"Hajek"
152,0.458,0.671,"Hajek"
153,0.462,0.675,"Hajek"
154,0.473,0.684,"Hajek"
155,0.463,0.678,"Hajek"
156,0.462,0.674,"Hajek"
157,0.463,0.678,"Hajek"
158,0.463,0.673,"Hajek"
159,0.455,0.665,"Hajek"
160,0.459,0.671,"Hajek"
161,0.468,0.668,"Hajek"
162,0.466,0.672,"Hajek"
163,0.455,0.658,"Hajek"
164,0.461,0.667,"Hajek"
165,0.462,0.666,"Hajek"
166,0.467,0.673,"Hajek"
167,0.462,0.673,"Hajek"
168,0.465,0.673,"Hajek"
169,0.467,0.677,"Hajek"
170,0.476,0.687,"Hajek"
171,0.474,0.681,"Hajek"
172,0.471,0.684,"Hajek"
173,0.472,0.674,"Hajek"
174,0.472,0.673,"Hajek"
175,0.481,0.68,"Hajek"
176,0.475,0.676,"Hajek"
177,0.484,0.679,"Hajek"
178,0.492,0.685,"Hajek"
179,0.493,0.684,"Hajek"
180,0.497,0.69,"Hajek"
181,0.495,0.691,"Hajek"
182,0.495,0.698,"Hajek"
183,0.501,0.691,"Hajek"
184,0.496,0.692,"Hajek"
185,0.499,0.693,"Hajek"
186,0.497,0.689,"Hajek"
187,0.503,0.694,"Hajek"
188,0.489,0.684,"Hajek"
189,0.494,0.69,"Hajek"
190,0.491,0.686,"Hajek"
191,0.489,0.685,"Hajek"
192,0.484,0.687,"Hajek"
193,0.495,0.688,"Hajek"
194,0.499,0.691,"Hajek"
195,0.499,0.694,"Hajek"
196,0.497,0.692,"Hajek"
197,0.503,0.695,"Hajek"
198,0.503,0.696,"Hajek"
199,0.503,0.703,"Hajek"
200,0.509,0.699,"Hajek"
201,0.5,0.698,"Hajek"
202,0.509,0.704,"Hajek"
203,0.503,0.702,"Hajek"
204,0.505,0.702,"Hajek"
205,0.505,0.699,"Hajek"
206,0.502,0.697,"Hajek"
207,0.5,0.692,"Hajek"
208,0.5,0.693,"Hajek"
209,0.494,0.685,"Hajek"
210,0.501,0.695,"Hajek"
211,0.489,0.69,"Hajek"
212,0.499,0.695,"Hajek"
213,0.497,0.691,"Hajek"
214,0.497,0.697,"Hajek"
215,0.499,0.696,"Hajek"
216,0.504,0.699,"Hajek"
217,0.507,0.699,"Hajek"
218,0.498,0.701,"Hajek"
219,0.496,0.699,"Hajek"
220,0.502,0.699,"Hajek"
221,0.506,0.702,"Hajek"
222,0.51,0.704,"Hajek"
223,0.508,0.698,"Hajek"
224,0.507,0.703,"Hajek"
225,0.513,0.707,"Hajek"
226,0.51,0.714,"Hajek"
227,0.516,0.716,"Hajek"
228,0.516,0.709,"Hajek"
229,0.517,0.714,"Hajek"
230,0.513,0.711,"Hajek"
231,0.509,0.711,"Hajek"
232,0.509,0.712,"Hajek"
233,0.514,0.717,"Hajek"
234,0.499,0.704,"Hajek"
235,0.504,0.698,"Hajek"
236,0.508,0.708,"Hajek"
237,0.518,0.713,"Hajek"
238,0.519,0.715,"Hajek"
239,0.52,0.719,"Hajek"
240,0.511,0.717,"Hajek"
241,0.51,0.709,"Hajek"
242,0.514,0.716,"Hajek"
243,0.515,0.709,"Hajek"
244,0.519,0.717,"Hajek"
245,0.515,0.713,"Hajek"
246,0.519,0.708,"Hajek"
247,0.508,0.698,"Hajek"
248,0.509,0.7,"Hajek"
249,0.519,0.71,"Hajek"
250,0.516,0.707,"Hajek"
251,0.512,0.708,"Hajek"
252,0.516,0.713,"Hajek"
253,0.512,0.712,"Hajek"
254,0.52,0.716,"Hajek"
255,0.518,0.715,"Hajek"
256,0.511,0.71,"Hajek"
257,0.51,0.71,"Hajek"
258,0.518,0.712,"Hajek"
259,0.517,0.709,"Hajek"
260,0.523,0.716,"Hajek"
261,0.523,0.716,"Hajek"
262,0.521,0.712,"Hajek"
263,0.524,0.713,"Hajek"
264,0.518,0.711,"Hajek"
265,0.535,0.717,"Hajek"
266,0.526,0.711,"Hajek"
267,0.52,0.711,"Hajek"
268,0.531,0.721,"Hajek"
269,0.522,0.718,"Hajek"
270,0.522,0.717,"Hajek"
271,0.529,0.718,"Hajek"
272,0.529,0.713,"Hajek"
273,0.525,0.716,"Hajek"
274,0.526,0.717,"Hajek"
275,0.524,0.716,"Hajek"
276,0.527,0.716,"Hajek"
277,0.534,0.728,"Hajek"
278,0.529,0.723,"Hajek"
279,0.539,0.734,"Hajek"
280,0.546,0.738,"Hajek"
281,0.54,0.734,"Hajek"
282,0.531,0.733,"Hajek"
283,0.538,0.732,"Hajek"
284,0.534,0.733,"Hajek"
285,0.537,0.734,"Hajek"
286,0.533,0.728,"Hajek"
287,0.533,0.726,"Hajek"
288,0.531,0.724,"Hajek"
289,0.538,0.731,"Hajek"
290,0.532,0.726,"Hajek"
291,0.536,0.729,"Hajek"
292,0.539,0.736,"Hajek"
293,0.541,0.735,"Hajek"
294,0.544,0.735,"Hajek"
295,0.542,0.73,"Hajek"
296,0.542,0.733,"Hajek"
297,0.536,0.729,"Hajek"
298,0.539,0.733,"Hajek"
299,0.544,0.735,"Hajek"
300,0.543,0.735,"Hajek"
301,0.538,0.729,"Hajek"
302,0.54,0.734,"Hajek"
303,0.54,0.74,"Hajek"
304,0.537,0.736,"Hajek"
305,0.54,0.737,"Hajek"
306,0.537,0.735,"Hajek"
307,0.541,0.736,"Hajek"
308,0.541,0.736,"Hajek"
309,0.545,0.738,"Hajek"
310,0.542,0.736,"Hajek"
311,0.536,0.733,"Hajek"
312,0.549,0.736,"Hajek"
313,0.551,0.737,"Hajek"
314,0.547,0.736,"Hajek"
315,0.545,0.732,"Hajek"
316,0.544,0.73,"Hajek"
317,0.548,0.734,"Hajek"
318,0.542,0.735,"Hajek"
319,0.549,0.738,"Hajek"
320,0.55,0.743,"Hajek"
321,0.554,0.749,"Hajek"
322,0.555,0.75,"Hajek"
323,0.556,0.748,"Hajek"
324,0.563,0.752,"Hajek"
325,0.564,0.753,"Hajek"
326,0.557,0.747,"Hajek"
327,0.567,0.751,"Hajek"
328,0.567,0.756,"Hajek"
329,0.57,0.756,"Hajek"
330,0.565,0.754,"Hajek"
331,0.571,0.753,"Hajek"
332,0.574,0.753,"Hajek"
333,0.573,0.755,"Hajek"
334,0.568,0.748,"Hajek"
335,0.568,0.749,"Hajek"
336,0.571,0.756,"Hajek"
337,0.566,0.75,"Hajek"
338,0.564,0.746,"Hajek"
339,0.572,0.751,"Hajek"
340,0.574,0.75,"Hajek"
341,0.578,0.751,"Hajek"
342,0.576,0.752,"Hajek"
343,0.577,0.75,"Hajek"
344,0.581,0.753,"Hajek"
345,0.583,0.756,"Hajek"
346,0.58,0.751,"Hajek"
347,0.573,0.752,"Hajek"
348,0.581,0.751,"Hajek"
349,0.578,0.753,"Hajek"
350,0.578,0.756,"Hajek"
351,0.58,0.757,"Hajek"
352,0.584,0.754,"Hajek"
353,0.584,0.756,"Hajek"
354,0.588,0.762,"Hajek"
355,0.581,0.761,"Hajek"
356,0.584,0.76,"Hajek"
357,0.586,0.758,"Hajek"
358,0.586,0.757,"Hajek"
359,0.585,0.757,"Hajek"
360,0.58,0.752,"Hajek"
361,0.581,0.752,"Hajek"
362,0.581,0.752,"Hajek"
363,0.589,0.763,"Hajek"
364,0.591,0.762,"Hajek"
365,0.59,0.764,"Hajek"
366,0.592,0.764,"Hajek"
367,0.596,0.77,"Hajek"
368,0.587,0.764,"Hajek"
369,0.591,0.767,"Hajek"
370,0.589,0.767,"Hajek"
371,0.588,0.766,"Hajek"
372,0.589,0.763,"Hajek"
373,0.59,0.772,"Hajek"
374,0.583,0.766,"Hajek"
375,0.589,0.765,"Hajek"
376,0.589,0.773,"Hajek"
377,0.592,0.774,"Hajek"
378,0.589,0.767,"Hajek"
379,0.592,0.773,"Hajek"
380,0.585,0.766,"Hajek"
381,0.591,0.771,"Hajek"
382,0.595,0.777,"Hajek"
383,0.595,0.773,"Hajek"
384,0.581,0.76,"Hajek"
385,0.59,0.766,"Hajek"
386,0.581,0.757,"Hajek"
387,0.58,0.763,"Hajek"
388,0.583,0.766,"Hajek"
389,0.586,0.766,"Hajek"
390,0.581,0.761,"Hajek"
391,0.588,0.771,"Hajek"
392,0.594,0.773,"Hajek"
393,0.598,0.779,"Hajek"
394,0.602,0.781,"Hajek"
395,0.6,0.784,"Hajek"
396,0.592,0.781,"Hajek"
397,0.596,0.778,"Hajek"
398,0.6,0.777,"Hajek"
399,0.599,0.775,"Hajek"
400,0.6,0.771,"Hajek"
401,0.598,0.772,"Hajek"
402,0.601,0.775,"Hajek"
403,0.6,0.771,"Hajek"
404,0.599,0.771,"Hajek"
405,0.605,0.775,"Hajek"
406,0.602,0.768,"Hajek"
407,0.598,0.768,"Hajek"
408,0.602,0.771,"Hajek"
409,0.601,0.77,"Hajek"
410,0.597,0.77,"Hajek"
411,0.596,0.768,"Hajek"
412,0.601,0.772,"Hajek"
413,0.605,0.775,"Hajek"
414,0.6,0.779,"Hajek"
415,0.603,0.772,"Hajek"
416,0.604,0.781,"Hajek"
417,0.598,0.774,"Hajek"
418,0.603,0.776,"Hajek"
419,0.6,0.776,"Hajek"
420,0.605,0.777,"Hajek"
421,0.601,0.772,"Hajek"
422,0.607,0.774,"Hajek"
423,0.605,0.771,"Hajek"
424,0.6,0.776,"Hajek"
425,0.596,0.774,"Hajek"
426,0.595,0.773,"Hajek"
427,0.598,0.777,"Hajek"
428,0.603,0.776,"Hajek"
429,0.594,0.773,"Hajek"
430,0.602,0.775,"Hajek"
431,0.595,0.767,"Hajek"
432,0.597,0.766,"Hajek"
433,0.597,0.768,"Hajek"
434,0.608,0.774,"Hajek"
435,0.599,0.771,"Hajek"
436,0.6,0.762,"Hajek"
437,0.6,0.762,"Hajek"
438,0.594,0.758,"Hajek"
439,0.603,0.763,"Hajek"
440,0.601,0.763,"Hajek"
441,0.599,0.762,"Hajek"
442,0.597,0.761,"Hajek"
443,0.6,0.759,"Hajek"
444,0.599,0.762,"Hajek"
445,0.595,0.759,"Hajek"
446,0.601,0.765,"Hajek"
447,0.598,0.764,"Hajek"
448,0.597,0.761,"Hajek"
449,0.601,0.765,"Hajek"
450,0.598,0.766,"Hajek"
451,0.601,0.763,"Hajek"
452,0.598,0.764,"Hajek"
453,0.601,0.767,"Hajek"
454,0.603,0.765,"Hajek"
455,0.6,0.767,"Hajek"
456,0.597,0.76,"Hajek"
457,0.605,0.769,"Hajek"
458,0.603,0.766,"Hajek"
459,0.604,0.77,"Hajek"
460,0.605,0.765,"Hajek"
461,0.598,0.762,"Hajek"
462,0.606,0.767,"Hajek"
463,0.609,0.771,"Hajek"
464,0.604,0.768,"Hajek"
465,0.608,0.774,"Hajek"
466,0.612,0.777,"Hajek"
467,0.608,0.772,"Hajek"
468,0.605,0.768,"Hajek"
469,0.612,0.773,"Hajek"
470,0.61,0.773,"Hajek"
471,0.612,0.774,"Hajek"
472,0.616,0.777,"Hajek"
473,0.614,0.775,"Hajek"
474,0.619,0.775,"Hajek"
475,0.618,0.777,"Hajek"
476,0.618,0.777,"Hajek"
477,0.614,0.775,"Hajek"
478,0.617,0.778,"Hajek"
479,0.612,0.777,"Hajek"
480,0.614,0.776,"Hajek"
481,0.612,0.775,"Hajek"
482,0.614,0.776,"Hajek"
483,0.616,0.776,"Hajek"
484,0.614,0.775,"Hajek"
485,0.617,0.78,"Hajek"
486,0.62,0.778,"Hajek"
487,0.62,0.781,"Hajek"
488,0.624,0.781,"Hajek"
489,0.624,0.782,"Hajek"
490,0.624,0.783,"Hajek"
491,0.62,0.777,"Hajek"
492,0.619,0.774,"Hajek"
493,0.626,0.78,"Hajek"
494,0.621,0.779,"Hajek"
495,0.625,0.781,"Hajek"
496,0.628,0.784,"Hajek"
497,0.623,0.782,"Hajek"
498,0.618,0.778,"Hajek"
499,0.624,0.788,"Hajek"
500,0.628,0.788,"Hajek"
501,0.627,0.789,"Hajek"
502,0.626,0.784,"Hajek"
503,0.623,0.783,"Hajek"
504,0.625,0.783,"Hajek"
505,0.628,0.786,"Hajek"
506,0.621,0.78,"Hajek"
507,0.619,0.777,"Hajek"
508,0.619,0.779,"Hajek"
509,0.626,0.788,"Hajek"
510,0.626,0.789,"Hajek"
511,0.625,0.787,"Hajek"
512,0.628,0.791,"Hajek"
513,0.624,0.79,"Hajek"
514,0.626,0.79,"Hajek"
515,0.624,0.789,"Hajek"
516,0.622,0.788,"Hajek"
517,0.626,0.791,"Hajek"
518,0.625,0.793,"Hajek"
519,0.625,0.793,"Hajek"
520,0.626,0.79,"Hajek"
521,0.627,0.792,"Hajek"
522,0.627,0.787,"Hajek"
523,0.631,0.791,"Hajek"
524,0.631,0.793,"Hajek"
525,0.63,0.791,"Hajek"
526,0.628,0.792,"Hajek"
527,0.626,0.791,"Hajek"
528,0.628,0.789,"Hajek"
529,0.631,0.789,"Hajek"
530,0.627,0.787,"Hajek"
531,0.628,0.789,"Hajek"
532,0.633,0.795,"Hajek"
533,0.633,0.79,"Hajek"
534,0.63,0.79,"Hajek"
535,0.631,0.786,"Hajek"
536,0.628,0.786,"Hajek"
537,0.629,0.79,"Hajek"
538,0.627,0.786,"Hajek"
539,0.622,0.782,"Hajek"
540,0.619,0.78,"Hajek"
541,0.624,0.784,"Hajek"
542,0.624,0.785,"Hajek"
543,0.625,0.785,"Hajek"
544,0.628,0.787,"Hajek"
545,0.628,0.792,"Hajek"
546,0.632,0.79,"Hajek"
547,0.636,0.798,"Hajek"
548,0.634,0.798,"Hajek"
549,0.633,0.797,"Hajek"
550,0.63,0.794,"Hajek"
551,0.636,0.796,"Hajek"
552,0.637,0.803,"Hajek"
553,0.633,0.798,"Hajek"
554,0.639,0.802,"Hajek"
555,0.642,0.806,"Hajek"
556,0.637,0.804,"Hajek"
557,0.642,0.81,"Hajek"
558,0.645,0.809,"Hajek"
559,0.643,0.807,"Hajek"
560,0.65,0.81,"Hajek"
561,0.645,0.804,"Hajek"
562,0.646,0.801,"Hajek"
563,0.651,0.807,"Hajek"
564,0.646,0.8,"Hajek"
565,0.646,0.806,"Hajek"
566,0.646,0.806,"Hajek"
567,0.647,0.811,"Hajek"
568,0.644,0.81,"Hajek"
569,0.647,0.811,"Hajek"
570,0.654,0.815,"Hajek"
571,0.654,0.817,"Hajek"
572,0.658,0.818,"Hajek"
573,0.655,0.809,"Hajek"
574,0.652,0.811,"Hajek"
575,0.652,0.813,"Hajek"
576,0.651,0.813,"Hajek"
577,0.652,0.815,"Hajek"
578,0.65,0.81,"Hajek"
579,0.646,0.811,"Hajek"
580,0.648,0.813,"Hajek"
581,0.642,0.815,"Hajek"
582,0.647,0.813,"Hajek"
583,0.644,0.812,"Hajek"
584,0.645,0.811,"Hajek"
585,0.646,0.81,"Hajek"
586,0.654,0.81,"Hajek"
587,0.657,0.812,"Hajek"
588,0.659,0.815,"Hajek"
589,0.666,0.818,"Hajek"
590,0.667,0.819,"Hajek"
591,0.657,0.814,"Hajek"
592,0.659,0.808,"Hajek"
593,0.662,0.81,"Hajek"
594,0.665,0.811,"Hajek"
595,0.668,0.817,"Hajek"
596,0.663,0.816,"Hajek"
597,0.664,0.818,"Hajek"
598,0.662,0.817,"Hajek"
599,0.657,0.819,"Hajek"
600,0.658,0.82,"Hajek"
601,0.653,0.817,"Hajek"
602,0.655,0.82,"Hajek"
603,0.659,0.822,"Hajek"
604,0.657,0.821,"Hajek"
605,0.659,0.822,"Hajek"
606,0.661,0.819,"Hajek"
607,0.657,0.819,"Hajek"
608,0.661,0.819,"Hajek"
609,0.664,0.819,"Hajek"
610,0.66,0.818,"Hajek"
611,0.654,0.814,"Hajek"
612,0.658,0.823,"Hajek"
613,0.666,0.824,"Hajek"
614,0.669,0.826,"Hajek"
615,0.665,0.826,"Hajek"
616,0.666,0.826,"Hajek"
617,0.666,0.822,"Hajek"
618,0.664,0.821,"Hajek"
619,0.661,0.821,"Hajek"
620,0.662,0.823,"Hajek"
621,0.666,0.824,"Hajek"
622,0.661,0.822,"Hajek"
623,0.661,0.819,"Hajek"
624,0.662,0.821,"Hajek"
625,0.661,0.82,"Hajek"
626,0.663,0.822,"Hajek"
627,0.668,0.825,"Hajek"
628,0.671,0.831,"Hajek"
629,0.672,0.836,"Hajek"
630,0.672,0.834,"Hajek"
631,0.67,0.835,"Hajek"
632,0.673,0.835,"Hajek"
633,0.672,0.837,"Hajek"
634,0.669,0.838,"Hajek"
635,0.672,0.835,"Hajek"
636,0.669,0.834,"Hajek"
637,0.671,0.834,"Hajek"
638,0.674,0.835,"Hajek"
639,0.676,0.835,"Hajek"
640,0.674,0.831,"Hajek"
641,0.675,0.834,"Hajek"
642,0.678,0.832,"Hajek"
643,0.681,0.837,"Hajek"
644,0.681,0.834,"Hajek"
645,0.679,0.834,"Hajek"
646,0.679,0.834,"Hajek"
647,0.673,0.832,"Hajek"
648,0.682,0.836,"Hajek"
649,0.687,0.845,"Hajek"
650,0.685,0.844,"Hajek"
651,0.692,0.85,"Hajek"
652,0.686,0.844,"Hajek"
653,0.692,0.844,"Hajek"
654,0.689,0.844,"Hajek"
655,0.687,0.843,"Hajek"
656,0.692,0.845,"Hajek"
657,0.684,0.843,"Hajek"
658,0.685,0.84,"Hajek"
659,0.68,0.836,"Hajek"
660,0.683,0.838,"Hajek"
661,0.686,0.835,"Hajek"
662,0.687,0.839,"Hajek"
663,0.685,0.836,"Hajek"
664,0.691,0.842,"Hajek"
665,0.695,0.842,"Hajek"
666,0.691,0.843,"Hajek"
667,0.689,0.837,"Hajek"
668,0.696,0.844,"Hajek"
669,0.694,0.842,"Hajek"
670,0.695,0.84,"Hajek"
671,0.691,0.841,"Hajek"
672,0.692,0.84,"Hajek"
673,0.689,0.835,"Hajek"
674,0.689,0.835,"Hajek"
675,0.69,0.837,"Hajek"
676,0.687,0.834,"Hajek"
677,0.696,0.835,"Hajek"
678,0.696,0.837,"Hajek"
679,0.695,0.838,"Hajek"
680,0.693,0.835,"Hajek"
681,0.69,0.832,"Hajek"
682,0.688,0.834,"Hajek"
683,0.691,0.835,"Hajek"
684,0.693,0.835,"Hajek"
685,0.687,0.832,"Hajek"
686,0.685,0.83,"Hajek"
687,0.694,0.835,"Hajek"
688,0.687,0.83,"Hajek"
689,0.694,0.834,"Hajek"
690,0.697,0.838,"Hajek"
691,0.697,0.838,"Hajek"
692,0.698,0.837,"Hajek"
693,0.696,0.834,"Hajek"
694,0.696,0.837,"Hajek"
695,0.696,0.832,"Hajek"
696,0.698,0.831,"Hajek"
697,0.7,0.833,"Hajek"
698,0.7,0.836,"Hajek"
699,0.697,0.84,"Hajek"
700,0.697,0.836,"Hajek"
701,0.701,0.842,"Hajek"
702,0.697,0.839,"Hajek"
703,0.704,0.845,"Hajek"
704,0.704,0.845,"Hajek"
705,0.704,0.845,"Hajek"
706,0.705,0.846,"Hajek"
707,0.703,0.844,"Hajek"
708,0.704,0.846,"Hajek"
709,0.701,0.844,"Hajek"
710,0.698,0.842,"Hajek"
711,0.704,0.846,"Hajek"
712,0.701,0.848,"Hajek"
713,0.706,0.847,"Hajek"
714,0.709,0.85,"Hajek"
715,0.717,0.851,"Hajek"
716,0.715,0.851,"Hajek"
717,0.717,0.853,"Hajek"
718,0.715,0.856,"Hajek"
719,0.715,0.855,"Hajek"
720,0.716,0.854,"Hajek"
721,0.719,0.855,"Hajek"
722,0.711,0.858,"Hajek"
723,0.715,0.859,"Hajek"
724,0.718,0.861,"Hajek"
725,0.722,0.86,"Hajek"
726,0.72,0.857,"Hajek"
727,0.72,0.859,"Hajek"
728,0.723,0.858,"Hajek"
729,0.72,0.856,"Hajek"
730,0.725,0.859,"Hajek"
731,0.72,0.855,"Hajek"
732,0.72,0.858,"Hajek"
733,0.715,0.857,"Hajek"
734,0.718,0.856,"Hajek"
735,0.72,0.854,"Hajek"
736,0.72,0.857,"Hajek"
737,0.723,0.857,"Hajek"
738,0.72,0.857,"Hajek"
739,0.718,0.853,"Hajek"
740,0.719,0.853,"Hajek"
741,0.724,0.858,"Hajek"
742,0.721,0.853,"Hajek"
743,0.727,0.857,"Hajek"
744,0.722,0.855,"Hajek"
745,0.718,0.856,"Hajek"
746,0.723,0.859,"Hajek"
747,0.72,0.857,"Hajek"
748,0.726,0.861,"Hajek"
749,0.726,0.861,"Hajek"
750,0.719,0.86,"Hajek"
751,0.715,0.861,"Hajek"
752,0.711,0.857,"Hajek"
753,0.715,0.86,"Hajek"
754,0.712,0.859,"Hajek"
755,0.711,0.86,"Hajek"
756,0.707,0.858,"Hajek"
757,0.707,0.855,"Hajek"
758,0.705,0.853,"Hajek"
759,0.705,0.853,"Hajek"
760,0.711,0.859,"Hajek"
761,0.712,0.859,"Hajek"
762,0.707,0.859,"Hajek"
763,0.704,0.855,"Hajek"
764,0.71,0.858,"Hajek"
765,0.705,0.855,"Hajek"
766,0.712,0.86,"Hajek"
767,0.71,0.857,"Hajek"
768,0.71,0.852,"Hajek"
769,0.717,0.858,"Hajek"
770,0.714,0.856,"Hajek"
771,0.719,0.86,"Hajek"
772,0.715,0.86,"Hajek"
773,0.712,0.859,"Hajek"
774,0.716,0.858,"Hajek"
775,0.718,0.86,"Hajek"
776,0.718,0.86,"Hajek"
777,0.72,0.865,"Hajek"
778,0.717,0.862,"Hajek"
779,0.718,0.861,"Hajek"
780,0.714,0.858,"Hajek"
781,0.716,0.86,"Hajek"
782,0.716,0.859,"Hajek"
783,0.713,0.857,"Hajek"
784,0.719,0.858,"Hajek"
785,0.717,0.858,"Hajek"
786,0.715,0.855,"Hajek"
787,0.715,0.858,"Hajek"
788,0.72,0.859,"Hajek"
789,0.723,0.863,"Hajek"
790,0.722,0.858,"Hajek"
791,0.728,0.863,"Hajek"
792,0.723,0.861,"Hajek"
793,0.72,0.862,"Hajek"
794,0.72,0.862,"Hajek"
795,0.727,0.866,"Hajek"
796,0.731,0.869,"Hajek"
797,0.726,0.862,"Hajek"
798,0.727,0.862,"Hajek"
799,0.73,0.865,"Hajek"
800,0.733,0.86,"Hajek"
801,0.733,0.864,"Hajek"
802,0.73,0.862,"Hajek"
803,0.728,0.862,"Hajek"
804,0.732,0.865,"Hajek"
805,0.73,0.867,"Hajek"
806,0.725,0.863,"Hajek"
807,0.732,0.869,"Hajek"
808,0.734,0.871,"Hajek"
809,0.734,0.868,"Hajek"
810,0.727,0.867,"Hajek"
811,0.728,0.864,"Hajek"
812,0.732,0.869,"Hajek"
813,0.728,0.868,"Hajek"
814,0.731,0.868,"Hajek"
815,0.732,0.867,"Hajek"
816,0.736,0.868,"Hajek"
817,0.737,0.871,"Hajek"
818,0.738,0.869,"Hajek"
819,0.733,0.87,"Hajek"
820,0.736,0.868,"Hajek"
821,0.733,0.866,"Hajek"
822,0.739,0.872,"Hajek"
823,0.734,0.869,"Hajek"
824,0.734,0.875,"Hajek"
825,0.734,0.869,"Hajek"
826,0.732,0.867,"Hajek"
827,0.732,0.867,"Hajek"
828,0.734,0.866,"Hajek"
829,0.729,0.869,"Hajek"
830,0.73,0.87,"Hajek"
831,0.732,0.872,"Hajek"
832,0.733,0.877,"Hajek"
833,0.733,0.874,"Hajek"
834,0.73,0.874,"Hajek"
835,0.732,0.876,"Hajek"
836,0.731,0.871,"Hajek"
837,0.727,0.868,"Hajek"
838,0.731,0.873,"Hajek"
839,0.734,0.874,"Hajek"
840,0.732,0.872,"Hajek"
841,0.736,0.876,"Hajek"
842,0.737,0.877,"Hajek"
843,0.736,0.875,"Hajek"
844,0.739,0.874,"Hajek"
845,0.738,0.873,"Hajek"
846,0.741,0.875,"Hajek"
847,0.739,0.874,"Hajek"
848,0.735,0.873,"Hajek"
849,0.733,0.873,"Hajek"
850,0.731,0.871,"Hajek"
851,0.735,0.876,"Hajek"
852,0.734,0.872,"Hajek"
853,0.733,0.872,"Hajek"
854,0.735,0.872,"Hajek"
855,0.734,0.87,"Hajek"
856,0.737,0.871,"Hajek"
857,0.729,0.868,"Hajek"
858,0.733,0.871,"Hajek"
859,0.737,0.87,"Hajek"
860,0.735,0.867,"Hajek"
861,0.736,0.875,"Hajek"
862,0.735,0.873,"Hajek"
863,0.734,0.87,"Hajek"
864,0.736,0.87,"Hajek"
865,0.738,0.872,"Hajek"
866,0.737,0.874,"Hajek"
867,0.743,0.874,"Hajek"
868,0.747,0.874,"Hajek"
869,0.744,0.87,"Hajek"
870,0.738,0.862,"Hajek"
871,0.745,0.871,"Hajek"
872,0.746,0.869,"Hajek"
873,0.746,0.874,"Hajek"
874,0.747,0.876,"Hajek"
875,0.748,0.873,"Hajek"
876,0.745,0.874,"Hajek"
877,0.743,0.868,"Hajek"
878,0.751,0.874,"Hajek"
879,0.747,0.876,"Hajek"
880,0.742,0.873,"Hajek"
881,0.744,0.872,"Hajek"
882,0.743,0.872,"Hajek"
883,0.746,0.873,"Hajek"
884,0.748,0.873,"Hajek"
885,0.749,0.876,"Hajek"
886,0.75,0.876,"Hajek"
887,0.749,0.875,"Hajek"
888,0.746,0.875,"Hajek"
889,0.751,0.875,"Hajek"
890,0.749,0.877,"Hajek"
891,0.754,0.877,"Hajek"
892,0.754,0.879,"Hajek"
893,0.755,0.879,"Hajek"
894,0.75,0.875,"Hajek"
895,0.748,0.876,"Hajek"
896,0.747,0.875,"Hajek"
897,0.749,0.876,"Hajek"
898,0.75,0.877,"Hajek"
899,0.75,0.872,"Hajek"
900,0.75,0.874,"Hajek"
901,0.751,0.876,"Hajek"
902,0.75,0.877,"Hajek"
903,0.747,0.879,"Hajek"
904,0.743,0.874,"Hajek"
905,0.745,0.876,"Hajek"
906,0.748,0.875,"Hajek"
907,0.748,0.876,"Hajek"
908,0.752,0.876,"Hajek"
909,0.751,0.875,"Hajek"
910,0.749,0.871,"Hajek"
911,0.755,0.876,"Hajek"
912,0.756,0.878,"Hajek"
913,0.757,0.878,"Hajek"
914,0.759,0.878,"Hajek"
915,0.761,0.882,"Hajek"
916,0.757,0.88,"Hajek"
917,0.754,0.879,"Hajek"
918,0.76,0.88,"Hajek"
919,0.753,0.876,"Hajek"
920,0.756,0.878,"Hajek"
921,0.759,0.881,"Hajek"
922,0.756,0.878,"Hajek"
923,0.754,0.878,"Hajek"
924,0.754,0.879,"Hajek"
925,0.758,0.88,"Hajek"
926,0.75,0.876,"Hajek"
927,0.749,0.872,"Hajek"
928,0.756,0.876,"Hajek"
929,0.75,0.876,"Hajek"
930,0.749,0.872,"Hajek"
931,0.752,0.873,"Hajek"
932,0.751,0.872,"Hajek"
933,0.753,0.875,"Hajek"
934,0.754,0.877,"Hajek"
935,0.752,0.876,"Hajek"
936,0.758,0.879,"Hajek"
937,0.759,0.88,"Hajek"
938,0.756,0.88,"Hajek"
939,0.76,0.884,"Hajek"
940,0.761,0.884,"Hajek"
941,0.767,0.885,"Hajek"
942,0.768,0.888,"Hajek"
943,0.768,0.886,"Hajek"
944,0.773,0.887,"Hajek"
945,0.77,0.889,"Hajek"
946,0.766,0.886,"Hajek"
947,0.766,0.887,"Hajek"
948,0.767,0.888,"Hajek"
949,0.768,0.887,"Hajek"
950,0.771,0.886,"Hajek"
951,0.77,0.882,"Hajek"
952,0.771,0.884,"Hajek"
953,0.772,0.888,"Hajek"
954,0.774,0.887,"Hajek"
955,0.773,0.886,"Hajek"
956,0.77,0.887,"Hajek"
957,0.769,0.887,"Hajek"
958,0.768,0.884,"Hajek"
959,0.767,0.883,"Hajek"
960,0.768,0.882,"Hajek"
961,0.772,0.884,"Hajek"
962,0.772,0.886,"Hajek"
963,0.765,0.88,"Hajek"
964,0.765,0.879,"Hajek"
965,0.768,0.881,"Hajek"
966,0.769,0.883,"Hajek"
967,0.77,0.883,"Hajek"
968,0.77,0.884,"Hajek"
969,0.766,0.881,"Hajek"
970,0.765,0.879,"Hajek"
971,0.763,0.877,"Hajek"
972,0.765,0.877,"Hajek"
973,0.771,0.885,"Hajek"
974,0.772,0.884,"Hajek"
975,0.769,0.882,"Hajek"
976,0.769,0.884,"Hajek"
977,0.768,0.883,"Hajek"
978,0.768,0.882,"Hajek"
979,0.77,0.886,"Hajek"
980,0.767,0.885,"Hajek"
981,0.77,0.884,"Hajek"
982,0.773,0.886,"Hajek"
983,0.771,0.885,"Hajek"
984,0.772,0.887,"Hajek"
985,0.774,0.888,"Hajek"
986,0.776,0.888,"Hajek"
987,0.776,0.885,"Hajek"
988,0.777,0.888,"Hajek"
989,0.773,0.887,"Hajek"
990,0.774,0.89,"Hajek"
991,0.779,0.893,"Hajek"
992,0.779,0.891,"Hajek"
993,0.776,0.89,"Hajek"
994,0.776,0.89,"Hajek"
995,0.776,0.89,"Hajek"
996,0.775,0.888,"Hajek"
997,0.775,0.891,"Hajek"
998,0.777,0.891,"Hajek"
999,0.776,0.892,"Hajek"
1000,0.777,0.892,"Hajek"
